,HPSO,Baseline,Stations,Total Time [s],Tobs [h],Ingest [Pflop/s],RCAL [Pflop/s],FastImg [Pflop/s],ICAL [Pflop/s],DPrepA [Pflop/s],DPrepB [Pflop/s],DPrepC [Pflop/s],DPrepD [Pflop/s],Total RT [Pflop/s],Total Batch [Pflop/s],Total [Pflop/s],Ingest Rate [TB/s],Channels,PSS [Pflop/s],PST [Pflop/s],SinglePulse [Pflop/s]
0,hpso04b,150000.0,64.0,2880000.0,0.16666666666666666,0.008048427717485714,0.05363776631808273,0.0638115525077786,0.0,0.0,0.0,0.0,0.0,0.12549774654334706,0.0005008800000000091,0.12599862654334706,0.0058420662857142855,8192.0,0.00050088,,
1,hpso04c,150000.0,64.0,8640000.0,0.16666666666666666,0.008048427717485714,0.04509573702191637,0.06674258844616088,0.0,0.0,0.0,0.0,0.0,0.11988675318556297,0.0005008799999999952,0.12038763318556296,0.0058420662857142855,8192.0,0.00050088,,
2,hpso05b,150000.0,64.0,5760000.0,0.25,0.008048427717485714,0.05659592999401744,0.0656290745150286,0.0,0.0,0.0,0.0,0.0,0.13027343222653176,2.7550000000764463e-07,0.13027370772653177,0.0058420662857142855,8192.0,,2.755e-07,
3,hpso13,35000.0,64.0,18000000.0,8.0,0.002971243966896661,0.006739402903251594,0.004754151235347461,0.06111980573380624,0.018239416436231316,0.017896716002594154,0.07691817971023193,0.0,0.014464798105495717,0.17417411788286363,0.18863891598835936,0.0021563772811276838,8192.0,,,
4,hpso14,25000.0,64.0,7200000.0,8.0,0.0020506732151469795,0.003979624755500289,0.002777400855622199,0.020100494758867195,0.011346084328962145,0.011665130844268463,0.049389614657253424,0.0,0.008807698826269469,0.09250132458935123,0.1013090234156207,0.0014881193300476125,8192.0,,,
5,hpso15,15000.0,64.0,45360000.0,4.4,0.0011149346156220238,0.0011474042248461266,0.0008285458053840632,0.005992405635623808,0.003251959351836884,0.0039925306054444205,0.019379635078329342,0.0,0.0030908846458522136,0.032616530671234455,0.03570741531708667,0.0008088618452746505,8192.0,,,
6,hpso18,150000.0,64.0,36000000.0,0.016666666666666666,0.008048427717485714,0.05363776631808273,0.0638115525077786,0.0,0.0,0.0,0.0,0.0,0.12549774654334706,4.000000000004e-06,0.12550174654334706,0.0058420662857142855,8192.0,,,4e-06
7,hpso22,150000.0,64.0,21600000.0,8.0,0.008048427717485714,0.04135756476867122,0.06524686598884068,0.37282832053369563,0.14030423335309677,0.254213701094658,0.0,0.0,0.11465285847499762,0.7673462549814505,0.8819991134564481,0.0058420662857142855,8192.0,,,
8,hpso27and33,30000.0,64.0,36000000.0,0.12333333333333334,0.0025825238542145123,0.007285718278747671,0.006579839534844591,0.03524368560734144,0.03904148391084827,0.1921583333323002,0.0,0.0,0.01644808166780677,0.2664435028504899,0.28289158451829666,0.0018742011475718844,8192.0,,,
9,hpso32,20000.0,64.0,36000000.0,2.2,0.001620004864040465,0.006101063203537948,0.003912041807076507,0.025641759227972818,0.0,0.03582537319321904,0.0,0.0,0.01163310987465492,0.06146713242119185,0.07310024229584677,0.001175496608983574,8192.0,,,
10,hpso37a,120000.0,64.0,36000000.0,3.8,0.00804054652280602,0.04744364577823304,0.04920443061352278,0.23774738170848697,0.1612524793065103,0.2568421752791735,0.0,0.0,0.10468862291456184,0.6558420362941708,0.7605306592087326,0.005836345594921936,8192.0,,,
11,hpso37b,120000.0,64.0,7200000.0,8.0,0.00804054652280602,0.04744364577823304,0.04920443061352278,0.4291531877565135,0.1611975473774215,0.24654429166158356,0.0,0.0,0.10468862291456184,0.8368950267955186,0.9415836497100805,0.005836345594921936,8192.0,,,
12,hpso37c,120000.0,64.0,7200000.0,8.0,0.00804054652280602,0.04744364577823304,0.04920443061352278,0.4291531877565135,0.1611975473774215,0.24654429166158356,0.0,0.0,0.10468862291456184,0.8368950267955186,0.9415836497100805,0.005836345594921936,8192.0,,,
13,hpso38a,150000.0,64.0,3600000.0,8.0,0.008048427717485714,0.043391447684058435,0.06806086747294064,0.2185010400497704,0.1450603376285786,0.26317675578763977,0.0,0.0,0.11950074287448478,0.6267381334659888,0.7462388763404736,0.0058420662857142855,8192.0,,,
14,hpso38b,150000.0,64.0,3600000.0,8.0,0.008048427717485714,0.043391447684058435,0.06806086747294064,0.39114388928389404,0.1450603376285786,0.26317675578763977,0.0,0.0,0.11950074287448478,0.7993809827001125,0.9188817255745972,0.0058420662857142855,8192.0,,,
0,hpso04b,150000.0,64.0,2880000.0,0.16666666666666666,0.016095874026057142,0.06843549793359935,0.07266061107612579,0.0,0.0,0.0,0.0,0.0,0.15719198303578227,0.0005008800000000091,0.15769286303578228,0.011684132571428571,16384.0,0.00050088,,
1,hpso04c,150000.0,64.0,8640000.0,0.16666666666666666,0.016095874026057142,0.05708869342324828,0.07552636423641813,0.0,0.0,0.0,0.0,0.0,0.14871093168572355,0.0005008800000000091,0.14921181168572356,0.011684132571428571,16384.0,0.00050088,,
2,hpso05b,150000.0,64.0,5760000.0,0.25,0.016095874026057142,0.07054524462600287,0.07445398404680975,0.0,0.0,0.0,0.0,0.0,0.16109510269886976,2.7550000000764463e-07,0.16109537819886977,0.011684132571428571,16384.0,,2.755e-07,
3,hpso13,35000.0,64.0,18000000.0,8.0,0.005941653671650045,0.006739402903251594,0.004754151235347461,0.06111980573380624,0.018239416436231316,0.017896716002594154,0.07691817971023193,0.0,0.0174352078102491,0.17417411788286363,0.19160932569311273,0.0043127545622553675,16384.0,,,
4,hpso14,25000.0,64.0,7200000.0,8.0,0.004100557592287566,0.003979624755500289,0.002777400855622199,0.020100494758867195,0.011346084328962145,0.011665130844268463,0.049389614657253424,0.0,0.010857583203410055,0.09250132458935123,0.10335890779276129,0.002976238660095225,16384.0,,,
5,hpso15,15000.0,64.0,45360000.0,4.4,0.0022291418074878544,0.0011474042248461266,0.0008285458053840632,0.005992405635623808,0.003251959351836884,0.0039925306054444205,0.019379635078329342,0.0,0.0042050918377180444,0.03261653067123446,0.0368216225089525,0.001617723690549301,16384.0,,,
6,hpso18,150000.0,64.0,36000000.0,0.016666666666666666,0.016095874026057142,0.06843549793359935,0.07266061107612579,0.0,0.0,0.0,0.0,0.0,0.15719198303578227,4.000000000004e-06,0.15719598303578228,0.011684132571428571,16384.0,,,4e-06
7,hpso22,150000.0,64.0,21600000.0,8.0,0.016095874026057142,0.05149442987463337,0.07403526813639363,0.4639905884711492,0.2469622478682996,0.3566110056840855,0.0,0.0,0.14162557203708415,1.0675638420235343,1.2091894140606183,0.011684132571428571,16384.0,,,
8,hpso27and33,30000.0,64.0,36000000.0,0.12333333333333334,0.005164235934994783,0.011066181610344191,0.007211402800603431,0.03524368560734144,0.03904148391084827,0.1921583333323002,0.0,0.0,0.023441820345942402,0.26644350285048995,0.28988532319643234,0.003748402295143769,16384.0,,,
9,hpso32,20000.0,64.0,36000000.0,2.2,0.0032392514429153375,0.008679349709481912,0.005626470785753217,0.030309052749411734,0.0,0.041472399161154506,0.0,0.0,0.017545071938150466,0.07178145191056623,0.0893265238487167,0.002350993217967148,16384.0,,,
10,hpso37a,120000.0,64.0,36000000.0,3.8,0.016080112579810988,0.061031801019104465,0.058032018689474094,0.3343756848852434,0.2695280156866184,0.3587829964354901,0.0,0.0,0.13514393228838956,0.9626866970073518,1.0978306292957414,0.011672691189843872,16384.0,,,
11,hpso37b,120000.0,64.0,7200000.0,8.0,0.016080112579810988,0.061031801019104465,0.058032018689474094,0.5509576250289484,0.26948867283803735,0.3484851128179001,0.0,0.0,0.13514393228838956,1.1689314106848858,1.3040753429732754,0.011672691189843872,16384.0,,,
12,hpso37c,120000.0,64.0,7200000.0,8.0,0.016080112579810988,0.061031801019104465,0.058032018689474094,0.5509576250289484,0.26948867283803735,0.3484851128179001,0.0,0.0,0.13514393228838956,1.1689314106848858,1.3040753429732754,0.011672691189843872,16384.0,,,
13,hpso38a,150000.0,64.0,3600000.0,8.0,0.016095874026057142,0.053789004282639094,0.07685122263074935,0.30442713794000875,0.25114311426960745,0.36734334166662086,0.0,0.0,0.14673610093944559,0.9229135938762371,1.0696496948156826,0.011684132571428571,16384.0,,,
14,hpso38b,150000.0,64.0,3600000.0,8.0,0.016095874026057142,0.053789004282639094,0.07685122263074935,0.4847785217751199,0.25114311426960745,0.36734334166662086,0.0,0.0,0.14673610093944559,1.1032649777113481,1.2500010786507938,0.011684132571428571,16384.0,,,
0,hpso04b,150000.0,64.0,2880000.0,0.16666666666666666,0.0321907666432,0.09531199978572302,0.08973051832124605,0.0,0.0,0.0,0.0,0.0,0.21723328475016906,0.0005008800000000091,0.21773416475016907,0.023368265142857142,32768.0,0.00050088,,
1,hpso04c,150000.0,64.0,8640000.0,0.16666666666666666,0.0321907666432,0.07961579970231267,0.07783510937913662,0.0,0.0,0.0,0.0,0.0,0.1896416757246493,0.0005008800000000091,0.1901425557246493,0.023368265142857142,32768.0,0.00050088,,
2,hpso05b,150000.0,64.0,5760000.0,0.25,0.0321907666432,0.09572052104514264,0.0920722424484646,0.0,0.0,0.0,0.0,0.0,0.21998353013680724,2.7550000000764463e-07,0.21998380563680725,0.023368265142857142,32768.0,,2.755e-07,
3,hpso13,35000.0,64.0,18000000.0,8.0,0.011882473081156813,0.006739402903251594,0.004754151235347461,0.06111980573380624,0.018239416436231316,0.017896716002594154,0.07691817971023193,0.0,0.02337602721975587,0.17417411788286363,0.1975501451026195,0.008625509124510735,32768.0,,,
4,hpso14,25000.0,64.0,7200000.0,8.0,0.008200326346568738,0.003979624755500289,0.002777400855622199,0.020100494758867195,0.011346084328962145,0.011665130844268463,0.049389614657253424,0.0,0.014957351957691227,0.09250132458935123,0.10745867654704246,0.00595247732019045,32768.0,,,
5,hpso15,15000.0,64.0,45360000.0,4.4,0.0044575561912195165,0.0011474042248461266,0.0008285458053840632,0.005992405635623808,0.003251959351836884,0.0039925306054444205,0.019379635078329342,0.0,0.006433506221449706,0.032616530671234455,0.03905003689268416,0.003235447381098602,32768.0,,,
6,hpso18,150000.0,64.0,36000000.0,0.016666666666666666,0.0321907666432,0.09531199978572302,0.08973051832124605,0.0,0.0,0.0,0.0,0.0,0.21723328475016906,4.000000000004e-06,0.21723728475016907,0.023368265142857142,32768.0,,,4e-06
7,hpso22,150000.0,64.0,21600000.0,8.0,0.0321907666432,0.07083120974311677,0.09157543480200621,0.6380194538086248,0.37232939315104024,0.48166060792978543,0.0,0.0,0.19459741118832297,1.4920094548894505,1.6866068660777733,0.023368265142857142,32768.0,,,
8,hpso27and33,30000.0,64.0,36000000.0,0.12333333333333334,0.010327660096555322,0.012497641247352167,0.007211402800603431,0.03524368560734144,0.03904148391084827,0.1921583333323002,0.0,0.0,0.03003670414451092,0.2664435028504899,0.29648020699500083,0.007496804590287538,32768.0,,,
9,hpso32,20000.0,64.0,36000000.0,2.2,0.006477744600665084,0.011902660892725458,0.005626470785753217,0.030309052749411734,0.0,0.041472399161154506,0.0,0.0,0.02400687627914376,0.07178145191056624,0.09578832818971,0.004701986435934296,32768.0,,,
10,hpso37a,120000.0,64.0,36000000.0,3.8,0.03215924469382092,0.0861580755935411,0.07563457714758662,0.5228230346699057,0.4314628647816191,0.5154312636423763,0.0,0.0,0.19395189743494864,1.4697171630939012,1.6636690605288498,0.023345382379687744,32768.0,,,
11,hpso37b,120000.0,64.0,7200000.0,8.0,0.03215924469382092,0.0861580755935411,0.07563457714758662,0.7769659377386874,0.43143627663527157,0.5051333800247864,0.0,0.0,0.19395189743494864,1.7135355943987454,1.907487491833694,0.023345382379687744,32768.0,,,
12,hpso37c,120000.0,64.0,7200000.0,8.0,0.03215924469382092,0.0861580755935411,0.07563457714758662,0.7769659377386874,0.43143627663527157,0.5051333800247864,0.0,0.0,0.19395189743494864,1.7135355943987454,1.907487491833694,0.023345382379687744,32768.0,,,
13,hpso38a,150000.0,64.0,3600000.0,8.0,0.0321907666432,0.07349614005264626,0.0943982276129481,0.4716841025918944,0.4198097787681094,0.5344232004376858,0.0,0.0,0.20008513430879438,1.4259170817976896,1.626002216106484,0.023368265142857142,32768.0,,,
14,hpso38b,150000.0,64.0,3600000.0,8.0,0.0321907666432,0.07349614005264626,0.0943982276129481,0.6621196084650595,0.4198097787681094,0.5344232004376858,0.0,0.0,0.20008513430879438,1.6163525876708547,1.816437721979649,0.023368265142857142,32768.0,,,
0,hpso04b,150000.0,64.0,2880000.0,0.16666666666666666,0.06438055187748572,0.14484389516850962,0.08973051832124605,0.0,0.0,0.0,0.0,0.0,0.2989549653672414,0.0005008799999999813,0.2994558453672414,0.046736530285714284,65536.0,0.00050088,,
1,hpso04c,150000.0,64.0,8640000.0,0.16666666666666666,0.06438055187748572,0.08752802209209787,0.07783510937913662,0.0,0.0,0.0,0.0,0.0,0.2297436833487202,0.0005008800000000091,0.2302445633487202,0.046736530285714284,65536.0,0.00050088,,
2,hpso05b,150000.0,64.0,5760000.0,0.25,0.06438055187748572,0.1425568130078081,0.11362444205278158,0.0,0.0,0.0,0.0,0.0,0.32056180693807534,2.7549999997988905e-07,0.3205620824380753,0.046736530285714284,65536.0,,2.755e-07,
3,hpso13,35000.0,64.0,18000000.0,8.0,0.023764111900170352,0.006739402903251594,0.004754151235347461,0.06111980573380624,0.018239416436231316,0.017896716002594154,0.07691817971023193,0.0,0.035257666038769404,0.17417411788286363,0.20943178392163303,0.01725101824902147,65536.0,,,
4,hpso14,25000.0,64.0,7200000.0,8.0,0.01639986385513108,0.003979624755500289,0.002777400855622199,0.020100494758867195,0.011346084328962145,0.011665130844268463,0.049389614657253424,0.0,0.02315688946625357,0.0925013245893512,0.11565821405560478,0.0119049546403809,65536.0,,,
5,hpso15,15000.0,64.0,45360000.0,4.4,0.008914384958682842,0.0011474042248461266,0.0008285458053840632,0.005992405635623808,0.003251959351836884,0.0039925306054444205,0.019379635078329342,0.0,0.010890334988913033,0.03261653067123445,0.043506865660147484,0.006470894762197204,65536.0,,,
6,hpso18,150000.0,64.0,36000000.0,0.016666666666666666,0.06438055187748572,0.14484389516850962,0.08973051832124605,0.0,0.0,0.0,0.0,0.0,0.2989549653672414,4.000000000004e-06,0.2989589653672414,0.046736530285714284,65536.0,,,4e-06
7,hpso22,150000.0,64.0,21600000.0,8.0,0.06438055187748572,0.10892552643340249,0.09367855199350944,0.9810947964371963,0.37232939315104024,0.48166060792978543,0.0,0.0,0.2669846303043977,1.8350847975180222,2.10206942782242,0.046736530285714284,65536.0,,,
8,hpso27and33,30000.0,64.0,36000000.0,0.12333333333333334,0.020654508419676407,0.012497641247352167,0.007211402800603431,0.03524368560734144,0.03904148391084827,0.1921583333323002,0.0,0.0,0.040363552467632006,0.2664435028504899,0.3068070553181219,0.014993609180575075,65536.0,,,
9,hpso32,20000.0,64.0,36000000.0,2.2,0.012954730916164576,0.011902660892725458,0.005626470785753217,0.030309052749411734,0.0,0.041472399161154506,0.0,0.0,0.030483862594643252,0.07178145191056623,0.10226531450520948,0.009403972871868591,65536.0,,,
10,hpso37a,120000.0,64.0,36000000.0,3.8,0.06431750892184078,0.1331704534131279,0.0807231274333801,0.7392493589221075,0.4314628647816191,0.5154312636423763,0.0,0.0,0.2782110897683488,1.6861434873461032,1.964354577114452,0.04669076475937549,65536.0,,,
11,hpso37b,120000.0,64.0,7200000.0,8.0,0.06431750892184078,0.1331704534131279,0.0807231274333801,1.200083293210212,0.43143627663527157,0.5051333800247864,0.0,0.0,0.2782110897683488,2.1366529498702693,2.4148640396386183,0.04669076475937549,65536.0,,,
12,hpso37c,120000.0,64.0,7200000.0,8.0,0.06431750892184078,0.1331704534131279,0.0807231274333801,1.200083293210212,0.43143627663527157,0.5051333800247864,0.0,0.0,0.2782110897683488,2.1366529498702693,2.4148640396386183,0.04669076475937549,65536.0,,,
13,hpso38a,150000.0,64.0,3600000.0,8.0,0.06438055187748572,0.1116205004495521,0.10124972546152866,0.693002793426952,0.4198097787681094,0.5344232004376858,0.0,0.0,0.2772507777885665,1.6472357726327473,1.9244865504213138,0.046736530285714284,65536.0,,,
14,hpso38b,150000.0,64.0,3600000.0,8.0,0.06438055187748572,0.1116205004495521,0.10124972546152866,1.005349944766337,0.4198097787681094,0.5344232004376858,0.0,0.0,0.2772507777885665,1.9595829239721323,2.2368337017606987,0.046736530285714284,65536.0,,,
0,hpso04b,150000.0,102.0,2880000.0,0.16666666666666666,0.020326132385691427,0.09794398159548755,0.0765644565724461,0.0,0.0,0.0,0.0,0.0,0.19483457055362507,0.0005008800000000091,0.19533545055362508,0.014754026057142855,8192.0,0.00050088,,
1,hpso04c,150000.0,102.0,8640000.0,0.16666666666666666,0.020326132385691427,0.07339982076331379,0.07940327523654228,0.0,0.0,0.0,0.0,0.0,0.1731292283855475,0.0005008800000000091,0.17363010838554752,0.014754026057142855,8192.0,0.00050088,,
2,hpso05b,150000.0,102.0,5760000.0,0.25,0.020326132385691427,0.10394783174422868,0.07834255113869039,0.0,0.0,0.0,0.0,0.0,0.20261651526861052,2.7550000000764463e-07,0.20261679076861053,0.014754026057142855,8192.0,,2.755e-07,
3,hpso13,35000.0,102.0,18000000.0,8.0,0.007489271517448736,0.014359528381959396,0.007885830318603834,0.12956279611018817,0.042224584427739215,0.04001390513624063,0.15523638413777066,0.0,0.029734630218011968,0.3670376698119387,0.3967723000299507,0.005435336463036125,8192.0,,,
4,hpso14,25000.0,102.0,7200000.0,8.0,0.005164987366732653,0.008617600693822683,0.004791252737118329,0.0449860609200035,0.026334668060608822,0.025703974376015393,0.09780369999134822,0.0,0.018573840797673664,0.19482840334797596,0.21340224414564962,0.003748098608739725,8192.0,,,
5,hpso15,15000.0,102.0,45360000.0,4.4,0.0028048541037922633,0.0025076052883738226,0.0014024901208910874,0.013162405891555522,0.007460558042026509,0.008006216665884459,0.03331718804105931,0.0,0.006714949513057174,0.06194636864052581,0.06866131815358298,0.0020348654941223,8192.0,,,
6,hpso18,150000.0,102.0,36000000.0,0.016666666666666666,0.020326132385691427,0.09794398159548755,0.0765644565724461,0.0,0.0,0.0,0.0,0.0,0.19483457055362507,4.000000000004e-06,0.19483857055362508,0.014754026057142855,8192.0,,,4e-06
7,hpso22,150000.0,102.0,21600000.0,8.0,0.020326132385691427,0.06329036915347952,0.07788162603534085,0.5700697824292403,0.30934941629720136,0.40807657036562156,0.0,0.0,0.1614981275745118,1.2874957690920632,1.448993896666575,0.014754026057142855,8192.0,,,
8,hpso27and33,30000.0,102.0,36000000.0,0.12333333333333334,0.006507075163928614,0.015415003509187414,0.012854282384956376,0.07688253471920863,0.08993624175383652,0.24525898152719983,0.0,0.0,0.03477636105807241,0.412077758000245,0.4468541190583174,0.004722349380431565,8192.0,,,
9,hpso32,20000.0,102.0,36000000.0,2.2,0.00407796283638034,0.012946790363633796,0.008151897088437103,0.058014841868356516,0.0,0.0743657324269598,0.0,0.0,0.02517665028845124,0.13238057429531633,0.15755722458376756,0.002959026047966242,8192.0,,,
10,hpso37a,120000.0,102.0,36000000.0,3.8,0.020305995464166077,0.09186088910255737,0.06191603224446479,0.4815315550459016,0.36477867778586026,0.45142258822211795,0.0,0.0,0.17408291681118823,1.2977328210538799,1.471815737865068,0.014739409351651092,8192.0,,,
11,hpso37b,120000.0,102.0,7200000.0,8.0,0.020305995464166077,0.09186088910255737,0.06191603224446479,0.8289960519546362,0.36472374585677153,0.4372192752430246,0.0,0.0,0.17408291681118823,1.6309390730544324,1.8050219898656206,0.014739409351651092,8192.0,,,
12,hpso37c,120000.0,102.0,7200000.0,8.0,0.020305995464166077,0.09186088910255737,0.06191603224446479,0.8289960519546362,0.36472374585677153,0.4372192752430246,0.0,0.0,0.17408291681118823,1.6309390730544324,1.8050219898656206,0.014739409351651092,8192.0,,,
13,hpso38a,150000.0,102.0,3600000.0,8.0,0.020326132385691427,0.06663287227000667,0.08070017382840247,0.3749092810964067,0.31878251915314104,0.41998518694309783,0.0,0.0,0.16765917848410056,1.1136769871926455,1.2813361656767461,0.014754026057142855,8192.0,,,
14,hpso38b,150000.0,102.0,3600000.0,8.0,0.020326132385691427,0.06663287227000667,0.08070017382840247,0.6001526926617788,0.31878251915314104,0.41998518694309783,0.0,0.0,0.16765917848410056,1.3389203987580178,1.5065795772421184,0.014754026057142855,8192.0,,,
0,hpso04b,150000.0,102.0,2880000.0,0.16666666666666666,0.04064980327940571,0.13437993420386607,0.09810106065438451,0.0,0.0,0.0,0.0,0.0,0.2731307981376563,0.0005008799999999813,0.27363167813765626,0.02950805211428571,16384.0,0.00050088,,
1,hpso04c,150000.0,102.0,8640000.0,0.16666666666666666,0.04064980327940571,0.10253853310441893,0.10077307793458501,0.0,0.0,0.0,0.0,0.0,0.24396141431840965,0.0005008800000000091,0.24446229431840966,0.02950805211428571,16384.0,0.00050088,,
2,hpso05b,150000.0,102.0,5760000.0,0.25,0.04064980327940571,0.13814673097021257,0.09981745299476301,0.0,0.0,0.0,0.0,0.0,0.2786139872443813,2.7549999997988905e-07,0.2786142627443813,0.02950805211428571,16384.0,,2.755e-07,
3,hpso13,35000.0,102.0,18000000.0,8.0,0.014976447495280999,0.014359528381959396,0.007885830318603834,0.12956279611018817,0.042224584427739215,0.04001390513624063,0.15523638413777066,0.0,0.037221806195844226,0.36703766981193864,0.4042594760077829,0.01087067292607225,16384.0,,,
4,hpso14,25000.0,102.0,7200000.0,8.0,0.010327993200271623,0.008617600693822683,0.004791252737118329,0.0449860609200035,0.026334668060608822,0.025703974376015393,0.09780369999134822,0.0,0.023736846631212637,0.19482840334797594,0.21856524997918858,0.00749619721747945,16384.0,,,
5,hpso15,15000.0,102.0,45360000.0,4.4,0.005607881321945732,0.0025076052883738226,0.0014024901208910874,0.013162405891555522,0.007460558042026509,0.008006216665884459,0.03331718804105931,0.0,0.009517976731210642,0.0619463686405258,0.07146434537173645,0.0040697309882446,16384.0,,,
6,hpso18,150000.0,102.0,36000000.0,0.016666666666666666,0.04064980327940571,0.13437993420386607,0.09810106065438451,0.0,0.0,0.0,0.0,0.0,0.2731307981376563,4.000000000004e-06,0.2731347981376563,0.02950805211428571,16384.0,,,4e-06
7,hpso22,150000.0,102.0,21600000.0,8.0,0.04064980327940571,0.08810306491320492,0.09926324935165283,0.793644119354787,0.555688038634209,0.6579018384746371,0.0,0.0,0.22801611754426349,2.007233996463633,2.2352501140078966,0.02950805211428571,16384.0,,,
8,hpso27and33,30000.0,102.0,36000000.0,0.12333333333333334,0.013012111435473095,0.024390269327493736,0.014390557514790842,0.07688253471920863,0.08993624175383652,0.24525898152719983,0.0,0.0,0.05179293827775767,0.412077758000245,0.46387069627800265,0.00944469876086313,16384.0,,,
9,hpso32,20000.0,102.0,36000000.0,2.2,0.008154021217453837,0.018954490621445164,0.012322237719250076,0.06935223330190837,0.0,0.08806958024699987,0.0,0.0,0.03943074955814908,0.15742181354890825,0.19685256310705732,0.005918052095932484,16384.0,,,
10,hpso37a,120000.0,102.0,36000000.0,3.8,0.04060953184606545,0.12524847215386845,0.08339777794033086,0.718507516388708,0.6208022029643052,0.7000815139941822,0.0,0.0,0.24925578194026476,2.0393912333471955,2.2886470152874603,0.029478818703302184,16384.0,,,
11,hpso37b,120000.0,102.0,7200000.0,8.0,0.04060953184606545,0.12524847215386845,0.08339777794033086,1.1290833028580238,0.6207756148179575,0.6897836303765922,0.0,0.0,0.24925578194026476,2.4396425480525736,2.6888983299928384,0.029478818703302184,16384.0,,,
12,hpso37c,120000.0,102.0,7200000.0,8.0,0.04060953184606545,0.12524847215386845,0.08339777794033086,1.1290833028580238,0.6207756148179575,0.6897836303765922,0.0,0.0,0.24925578194026476,2.4396425480525736,2.6888983299928384,0.029478818703302184,16384.0,,,
13,hpso38a,150000.0,102.0,3600000.0,8.0,0.04064980327940571,0.09214292380175383,0.1020867872021686,0.5847961702503041,0.5644566710588007,0.674331074050491,0.0,0.0,0.23487951428332815,1.8235839153595959,2.058463429642924,0.02950805211428571,16384.0,,,
14,hpso38b,150000.0,102.0,3600000.0,8.0,0.04064980327940571,0.09214292380175383,0.1020867872021686,0.8300032315355211,0.5644566710588007,0.674331074050491,0.0,0.0,0.23487951428332815,2.068790976644813,2.303670490928141,0.02950805211428571,16384.0,,,
0,hpso04b,150000.0,102.0,2880000.0,0.16666666666666666,0.08129714506683428,0.20055829354781748,0.1396307189762597,0.0,0.0,0.0,0.0,0.0,0.42148615759091146,0.0005008799999999813,0.42198703759091144,0.05901610422857142,32768.0,0.00050088,,
1,hpso04c,150000.0,102.0,8640000.0,0.16666666666666666,0.08129714506683428,0.15770117972581082,0.10638937503603033,0.0,0.0,0.0,0.0,0.0,0.34538769982867545,0.0005008799999999813,0.34588857982867544,0.05901610422857142,32768.0,0.00050088,,
2,hpso05b,150000.0,102.0,5760000.0,0.25,0.08129714506683428,0.20012285969952762,0.14268661733712207,0.0,0.0,0.0,0.0,0.0,0.42410662210348393,2.7549999997988905e-07,0.4241068976034839,0.05901610422857142,32768.0,,2.755e-07,
3,hpso13,35000.0,102.0,18000000.0,8.0,0.029950799450945524,0.014359528381959396,0.007885830318603834,0.12956279611018817,0.042224584427739215,0.04001390513624063,0.15523638413777066,0.0,0.052196158151508756,0.3670376698119387,0.41923382796344744,0.0217413458521445,32768.0,,,
4,hpso14,25000.0,102.0,7200000.0,8.0,0.020654004867349567,0.008617600693822683,0.004791252737118329,0.0449860609200035,0.026334668060608822,0.025703974376015393,0.09780369999134822,0.0,0.03406285829829058,0.19482840334797594,0.22889126164626653,0.0149923944349589,32768.0,,,
5,hpso15,15000.0,102.0,45360000.0,4.4,0.011213935758252669,0.0025076052883738226,0.0014024901208910874,0.013162405891555522,0.007460558042026509,0.008006216665884459,0.03331718804105931,0.0,0.01512403116751758,0.061946368640525815,0.0770703998080434,0.0081394619764892,32768.0,,,
6,hpso18,150000.0,102.0,36000000.0,0.016666666666666666,0.08129714506683428,0.20055829354781748,0.1396307189762597,0.0,0.0,0.0,0.0,0.0,0.42148615759091146,4.000000000004e-06,0.42149015759091146,0.05901610422857142,32768.0,,,4e-06
7,hpso22,150000.0,102.0,21600000.0,8.0,0.08129714506683428,0.13494294898433154,0.14193288466011011,1.2153770271103372,0.8603908615856958,0.9623685910694936,0.0,0.0,0.35817297871127596,3.0381364797655266,3.3963094584768023,0.05901610422857142,32768.0,,,
8,hpso27and33,30000.0,102.0,36000000.0,0.12333333333333334,0.02602218397856206,0.027796390708158616,0.014390557514790842,0.07688253471920863,0.08993624175383652,0.24525898152719983,0.0,0.0,0.06820913220151152,0.412077758000245,0.4802868902017565,0.01888939752172626,32768.0,,,
9,hpso32,20000.0,102.0,36000000.0,2.2,0.016306137979600836,0.02675263973393172,0.012322237719250076,0.06935223330190837,0.0,0.08806958024699987,0.0,0.0,0.055381015432782635,0.15742181354890827,0.2128028289816909,0.011836104191864968,32768.0,,,
10,hpso37a,120000.0,102.0,36000000.0,3.8,0.08121660460986421,0.18348294392618364,0.12622682799242457,1.1668333993510636,1.0070464424962755,1.082183430046687,0.0,0.0,0.3909263765284724,3.256063271894026,3.6469896484224984,0.05895763740660437,32768.0,,,
11,hpso37b,120000.0,102.0,7200000.0,8.0,0.08121660460986421,0.18348294392618364,0.12622682799242457,1.652821681797662,1.0070297746738874,1.071885546429097,0.0,0.0,0.3909263765284724,3.7317370029006462,4.1226633794291185,0.05895763740660437,32768.0,,,
12,hpso37c,120000.0,102.0,7200000.0,8.0,0.08121660460986421,0.18348294392618364,0.12622682799242457,1.652821681797662,1.0070297746738874,1.071885546429097,0.0,0.0,0.3909263765284724,3.7317370029006462,4.1226633794291185,0.05895763740660437,32768.0,,,
13,hpso38a,150000.0,102.0,3600000.0,8.0,0.08129714506683428,0.1397848954557063,0.14477389481654618,0.9928288594900754,0.974207613852624,1.0812486805261847,0.0,0.0,0.3658559353390868,3.048285153868884,3.414141089207971,0.05901610422857142,32768.0,,,
14,hpso38b,150000.0,102.0,3600000.0,8.0,0.08129714506683428,0.1397848954557063,0.14477389481654618,1.258954927536504,0.974207613852624,1.0812486805261847,0.0,0.0,0.3658559353390868,3.3144112219153126,3.6802671572543995,0.05901610422857142,32768.0,,,
0,hpso04b,150000.0,102.0,2880000.0,0.16666666666666666,0.16259182864169142,0.31844507745441525,0.1396307189762597,0.0,0.0,0.0,0.0,0.0,0.6206676250723664,0.0005008800000000369,0.6211685050723664,0.11803220845714284,65536.0,0.00050088,,
1,hpso04c,150000.0,102.0,8640000.0,0.16666666666666666,0.16259182864169142,0.17714561891454142,0.10638937503603033,0.0,0.0,0.0,0.0,0.0,0.4461268225922631,0.0005008799999999813,0.4466277025922631,0.11803220845714284,65536.0,0.00050088,,
2,hpso05b,150000.0,102.0,5760000.0,0.25,0.16259182864169142,0.31527840361151616,0.1951168520142775,0.0,0.0,0.0,0.0,0.0,0.6729870842674851,2.755000000354002e-07,0.6729873597674851,0.11803220845714284,65536.0,,2.755e-07,
3,hpso13,35000.0,102.0,18000000.0,8.0,0.059899503362274585,0.014359528381959396,0.007885830318603834,0.12956279611018817,0.042224584427739215,0.04001390513624063,0.15523638413777066,0.0,0.08214486206283782,0.3670376698119387,0.4491825318747765,0.043482691704289,65536.0,,,
4,hpso14,25000.0,102.0,7200000.0,8.0,0.04130602820150545,0.008617600693822683,0.004791252737118329,0.0449860609200035,0.026334668060608822,0.025703974376015393,0.09780369999134822,0.0,0.05471488163244646,0.19482840334797596,0.24954328498042241,0.0299847888699178,65536.0,,,
5,hpso15,15000.0,102.0,45360000.0,4.4,0.022426044630866535,0.0025076052883738226,0.0014024901208910874,0.013162405891555522,0.007460558042026509,0.008006216665884459,0.03331718804105931,0.0,0.026336140040131448,0.061946368640525815,0.08828250868065726,0.0162789239529784,65536.0,,,
6,hpso18,150000.0,102.0,36000000.0,0.016666666666666666,0.16259182864169142,0.31844507745441525,0.1396307189762597,0.0,0.0,0.0,0.0,0.0,0.6206676250723664,4.000000000004e-06,0.6206716250723664,0.11803220845714284,65536.0,,,4e-06
7,hpso22,150000.0,102.0,21600000.0,8.0,0.16259182864169142,0.22798312648741728,0.14704894290067266,2.0533173262426803,0.8603908615856958,0.9623685910694936,0.0,0.0,0.5376238980297814,3.87607677889787,4.413700676927651,0.11803220845714284,65536.0,,,
8,hpso27and33,30000.0,102.0,36000000.0,0.12333333333333334,0.052042329064739976,0.027796390708158616,0.014390557514790842,0.07688253471920863,0.08993624175383652,0.24525898152719983,0.0,0.0,0.09422927728768944,0.412077758000245,0.5063070352879344,0.03777879504345252,65536.0,,,
9,hpso32,20000.0,102.0,36000000.0,2.2,0.032610371503894835,0.02675263973393172,0.012322237719250076,0.06935223330190837,0.0,0.08806958024699987,0.0,0.0,0.07168524895707663,0.15742181354890822,0.22910706250598487,0.023672208383729937,65536.0,,,
10,hpso37a,120000.0,102.0,36000000.0,3.8,0.16243075013746175,0.28718986881377184,0.13860574418614918,1.675168088147449,1.0070464424962755,1.082183430046687,0.0,0.0,0.5882263631373827,3.7643979606904114,4.352624323827794,0.11791527481320874,65536.0,,,
11,hpso37b,120000.0,102.0,7200000.0,8.0,0.16243075013746175,0.28718986881377184,0.13860574418614918,2.5864264145423053,1.0070297746738874,1.071885546429097,0.0,0.0,0.5882263631373827,4.665341735645289,5.253568098782672,0.11791527481320874,65536.0,,,
12,hpso37c,120000.0,102.0,7200000.0,8.0,0.16243075013746175,0.28718986881377184,0.13860574418614918,2.5864264145423053,1.0070297746738874,1.071885546429097,0.0,0.0,0.5882263631373827,4.665341735645289,5.253568098782672,0.11791527481320874,65536.0,,,
13,hpso38a,150000.0,102.0,3600000.0,8.0,0.16259182864169142,0.23282507295879198,0.1614409070204082,1.5327481434996097,0.974207613852624,1.0812486805261847,0.0,0.0,0.5568578086208915,3.5882044378784186,4.14506224649931,0.11803220845714284,65536.0,,,
14,hpso38b,150000.0,102.0,3600000.0,8.0,0.16259182864169142,0.23282507295879198,0.1614409070204082,2.0968952266688468,0.974207613852624,1.0812486805261847,0.0,0.0,0.5568578086208915,4.152351521047656,4.709209329668547,0.11803220845714284,65536.0,,,
0,hpso04b,150000.0,140.0,2880000.0,0.16666666666666666,0.0381912905248,0.1623525718199345,0.09488608960475378,0.0,0.0,0.0,0.0,0.0,0.2954299519494883,0.0005008799999999813,0.29593083194948827,0.027721728,8192.0,0.00050088,,
1,hpso04c,150000.0,140.0,8640000.0,0.16666666666666666,0.0381912905248,0.11443560106104511,0.09759021515913828,0.0,0.0,0.0,0.0,0.0,0.2502171067449834,0.0005008799999999813,0.25071798674498336,0.027721728,8192.0,0.00050088,,
2,hpso05b,150000.0,140.0,5760000.0,0.25,0.0381912905248,0.1727981749927588,0.09660659621171372,0.0,0.0,0.0,0.0,0.0,0.3075960617292725,2.7549999997988905e-07,0.3075963372292725,0.027721728,8192.0,,2.755e-07,
3,hpso13,35000.0,140.0,18000000.0,8.0,0.01405918838011597,0.02430653405570266,0.012384132242687482,0.21906105951889848,0.07582125592870664,0.07100266475598785,0.2635585961872138,0.0,0.05074985467850611,0.6294435763908067,0.6801934310693128,0.010203456164691186,8192.0,,,
4,hpso14,25000.0,140.0,7200000.0,8.0,0.009692549034857579,0.014877783690880076,0.007684027378956763,0.07888019981117939,0.04696269870403253,0.04555785761160958,0.16651909991704736,0.0,0.032254360104694416,0.33791985604386887,0.3701742161485633,0.007033637107159307,8192.0,,,
5,hpso15,15000.0,140.0,45360000.0,4.4,0.005260680028933035,0.0044339128570952385,0.002227053211241898,0.0234142301020103,0.013322976148040167,0.01369102749303739,0.053306890450172326,0.0,0.011921646097270172,0.10373512419326017,0.11565677029053034,0.0038165199914444855,8192.0,,,
6,hpso18,150000.0,140.0,36000000.0,0.016666666666666666,0.0381912905248,0.1623525718199345,0.09488608960475378,0.0,0.0,0.0,0.0,0.0,0.2954299519494883,4.000000000004e-06,0.2954339519494883,0.027721728,8192.0,,,4e-06
7,hpso22,150000.0,140.0,21600000.0,8.0,0.0381912905248,0.09477181697571772,0.09603069719869269,0.8535310011507374,0.5488592563832678,0.6294509144266385,0.0,0.0,0.22899380469921038,2.031841171960644,2.2608349766598543,0.027721728,8192.0,,,
8,hpso27and33,30000.0,140.0,36000000.0,0.12333333333333334,0.012213288342435282,0.026458119857584346,0.021866957820075583,0.13565358812193856,0.16183654152933974,0.3194228997163421,0.0,0.0,0.06053836602009521,0.6169130293676204,0.6774513953877156,0.008863497014400604,8192.0,,,
9,hpso32,20000.0,140.0,36000000.0,2.2,0.007650647146053591,0.022192599535345654,0.014242972497212961,0.10374140126484567,0.0,0.12862782384506288,0.0,0.0,0.044086219178612204,0.23236922510990854,0.27645544428852076,0.0055514177701087054,8192.0,,,
10,hpso37a,120000.0,140.0,36000000.0,3.8,0.03815325281436674,0.15154508484326468,0.08017733869175943,0.805099569970098,0.6393119137270794,0.7269723489306213,0.0,0.0,0.26987567634939086,2.1713838326277983,2.4412595089771894,0.027694117721523033,8192.0,,,
11,hpso37b,120000.0,140.0,7200000.0,8.0,0.03815325281436674,0.15154508484326468,0.08017733869175943,1.3657363462141277,0.6392853255807317,0.712210319531288,0.0,0.0,0.26987567634939086,2.717231991326147,2.987107667675538,0.027694117721523033,8192.0,,,
12,hpso37c,120000.0,140.0,7200000.0,8.0,0.03815325281436674,0.15154508484326468,0.08017733869175943,1.3657363462141277,0.6392853255807317,0.712210319531288,0.0,0.0,0.26987567634939086,2.717231991326147,2.987107667675538,0.027694117721523033,8192.0,,,
13,hpso38a,150000.0,140.0,3600000.0,8.0,0.0381912905248,0.09991726549501842,0.09885588535817713,0.6006120820279552,0.5607069985809763,0.6456618365343855,0.0,0.0,0.23696444137799555,1.806980917143317,2.0439453585213125,0.027721728,8192.0,,,
14,hpso38b,150000.0,140.0,3600000.0,8.0,0.0381912905248,0.09991726549501842,0.09885588535817713,0.8998404200082379,0.5607069985809763,0.6456618365343855,0.0,0.0,0.23696444137799555,2.1062092551236,2.3431736965015952,0.027721728,8192.0,,,
0,hpso04b,150000.0,140.0,2880000.0,0.16666666666666666,0.0763779708448,0.2291078055848536,0.13464886362318013,0.0,0.0,0.0,0.0,0.0,0.4401346400528337,0.0005008799999999813,0.4406355200528337,0.055443456,16384.0,0.00050088,,
1,hpso04c,150000.0,140.0,8640000.0,0.16666666666666666,0.0763779708448,0.16831217234464846,0.13703790910277314,0.0,0.0,0.0,0.0,0.0,0.3817280522922216,0.0005008799999999813,0.3822289322922216,0.055443456,16384.0,0.00050088,,
2,hpso05b,150000.0,140.0,5760000.0,0.25,0.0763779708448,0.237903706622585,0.1362528175883947,0.0,0.0,0.0,0.0,0.0,0.4505344950557797,2.7549999997988905e-07,0.4505347705557797,0.055443456,16384.0,,2.755e-07,
3,hpso13,35000.0,140.0,18000000.0,8.0,0.028114449246978073,0.02430653405570266,0.012384132242687482,0.21906105951889848,0.07582125592870664,0.07100266475598785,0.2635585961872138,0.0,0.06480511554536822,0.6294435763908068,0.694248691936175,0.02040691232938237,16384.0,,,
4,hpso14,25000.0,140.0,7200000.0,8.0,0.019381384149969528,0.014877783690880076,0.007684027378956763,0.07888019981117939,0.04696269870403253,0.04555785761160958,0.16651909991704736,0.0,0.04194319521980637,0.33791985604386887,0.37986305126367526,0.014067274214318614,16384.0,,,
5,hpso15,15000.0,140.0,45360000.0,4.4,0.010517936317147815,0.0044339128570952385,0.002227053211241898,0.0234142301020103,0.013322976148040167,0.01369102749303739,0.053306890450172326,0.0,0.017178902385484952,0.10373512419326017,0.12091402657874513,0.007633039982888971,16384.0,,,
6,hpso18,150000.0,140.0,36000000.0,0.016666666666666666,0.0763779708448,0.2291078055848536,0.13464886362318013,0.0,0.0,0.0,0.0,0.0,0.4401346400528337,4.000000000004e-06,0.4401386400528337,0.055443456,16384.0,,,4e-06
7,hpso22,150000.0,140.0,21600000.0,8.0,0.0763779708448,0.14096318711245726,0.13550071974177705,1.2696420171882683,0.9995685543786847,1.0912516642529662,0.0,0.0,0.3528418776990343,3.360462235819919,3.7133041135189533,0.055443456,16384.0,,,
8,hpso27and33,30000.0,140.0,36000000.0,0.12333333333333334,0.02442275547977212,0.04271472762542207,0.02470263902283253,0.13565358812193856,0.16183654152933974,0.3194228997163421,0.0,0.0,0.09184012212802671,0.6169130293676204,0.7087531514956471,0.017726994028801207,16384.0,,,
9,hpso32,20000.0,140.0,36000000.0,2.2,0.01529772512437833,0.03309846683399939,0.02194065299486378,0.12465580450551414,0.0,0.15389751479241812,0.0,0.0,0.0703368449532415,0.27855331929793226,0.34889016425117375,0.011102835540217411,16384.0,,,
10,hpso37a,120000.0,140.0,36000000.0,3.8,0.07630189997576473,0.20568260625282625,0.11983648776426876,1.2201134031659593,1.106198807816615,1.1918668066992344,0.0,0.0,0.4018209939928597,3.5181790176818084,3.9200000116746683,0.055388235443046066,16384.0,,,
11,hpso37b,120000.0,140.0,7200000.0,8.0,0.07630189997576473,0.20568260625282625,0.11983648776426876,1.8526005634340172,1.1061722196702677,1.1815689230816442,0.0,0.0,0.4018209939928597,4.14034170618593,4.542162700178789,0.055388235443046066,16384.0,,,
12,hpso37c,120000.0,140.0,7200000.0,8.0,0.07630189997576473,0.20568260625282625,0.11983648776426876,1.8526005634340172,1.1061722196702677,1.1815689230816442,0.0,0.0,0.4018209939928597,4.14034170618593,4.542162700178789,0.055388235443046066,16384.0,,,
13,hpso38a,150000.0,140.0,3600000.0,8.0,0.0763779708448,0.14743734696114727,0.1383353338882599,0.988808830776774,1.0153669603965374,1.1160018258550968,0.0,0.0,0.3621506516942071,3.1201776170284083,3.4823282687226156,0.055443456,16384.0,,,
14,hpso38b,150000.0,140.0,3600000.0,8.0,0.0763779708448,0.14743734696114727,0.1383353338882599,1.3279098380102723,1.0153669603965374,1.1160018258550968,0.0,0.0,0.3621506516942071,3.459278624261907,3.821429275956114,0.055443456,16384.0,,,
0,hpso04b,150000.0,140.0,2880000.0,0.16666666666666666,0.1527513314848,0.3352886926435196,0.21131142515314827,0.0,0.0,0.0,0.0,0.0,0.6993514492814679,0.0005008800000000369,0.6998523292814679,0.110886912,32768.0,0.00050088,,
1,hpso04c,150000.0,140.0,8640000.0,0.16666666666666666,0.1527513314848,0.2705318153732744,0.14740481526390675,0.0,0.0,0.0,0.0,0.0,0.5706879621219811,0.0005008800000000369,0.5711888421219812,0.110886912,32768.0,0.00050088,,
2,hpso05b,150000.0,140.0,5760000.0,0.25,0.1527513314848,0.34096566815578366,0.2153929363137923,0.0,0.0,0.0,0.0,0.0,0.709109935954376,2.755000000354002e-07,0.709110211454376,0.110886912,32768.0,,2.755e-07,
3,hpso13,35000.0,140.0,18000000.0,8.0,0.05622497098070229,0.02430653405570266,0.012384132242687482,0.21906105951889848,0.07582125592870664,0.07100266475598785,0.2635585961872138,0.0,0.09291563727909244,0.6294435763908067,0.7223592136698992,0.04081382465876474,32768.0,,,
4,hpso14,25000.0,140.0,7200000.0,8.0,0.03875905438019342,0.014877783690880076,0.007684027378956763,0.07888019981117939,0.04696269870403253,0.04555785761160958,0.16651909991704736,0.0,0.06132086545003026,0.33791985604386887,0.3992407214938991,0.02813454842863723,32768.0,,,
5,hpso15,15000.0,140.0,45360000.0,4.4,0.02103244889357737,0.0044339128570952385,0.002227053211241898,0.0234142301020103,0.013322976148040167,0.01369102749303739,0.053306890450172326,0.0,0.027693414961914506,0.10373512419326016,0.13142853915517466,0.015266079965777942,32768.0,,,
6,hpso18,150000.0,140.0,36000000.0,0.016666666666666666,0.1527513314848,0.3352886926435196,0.21131142515314827,0.0,0.0,0.0,0.0,0.0,0.6993514492814679,4.000000000004e-06,0.6993554492814679,0.110886912,32768.0,,,4e-06
7,hpso22,150000.0,140.0,21600000.0,8.0,0.1527513314848,0.2273636002211076,0.21426393738004412,2.0476769057192468,1.562259560962004,1.6534967449122842,0.0,0.0,0.5943788690859517,5.263433211593536,5.857812080679487,0.110886912,32768.0,,,
8,hpso27and33,30000.0,140.0,36000000.0,0.12333333333333334,0.04884168975444577,0.04901206973179755,0.02470263902283253,0.13565358812193856,0.16183654152933974,0.3194228997163421,0.0,0.0,0.12255639850907585,0.6169130293676204,0.7394694278766962,0.035453988057602415,32768.0,,,
9,hpso32,20000.0,140.0,36000000.0,2.2,0.030591881081027818,0.04729570058800171,0.02194065299486378,0.12465580450551414,0.0,0.15389751479241812,0.0,0.0,0.09982823466389332,0.27855331929793226,0.3783815539618256,0.022205671080434822,32768.0,,,
10,hpso37a,120000.0,140.0,36000000.0,3.8,0.1525991942985607,0.30386644919284006,0.19890083245662415,2.0168822772075474,1.8032273965557657,1.8981059427204583,0.0,0.0,0.6553664759480249,5.718215616483771,6.373582092431796,0.11077647088609213,32768.0,,,
11,hpso37b,120000.0,140.0,7200000.0,8.0,0.1525991942985607,0.30386644919284006,0.19890083245662415,2.7364510187525743,1.8032107287333776,1.8878080591028683,0.0,0.0,0.6553664759480249,6.42746980658882,7.082836282536845,0.11077647088609213,32768.0,,,
12,hpso37c,120000.0,140.0,7200000.0,8.0,0.1525991942985607,0.30386644919284006,0.19890083245662415,2.7364510187525743,1.8032107287333776,1.8878080591028683,0.0,0.0,0.6553664759480249,6.42746980658882,7.082836282536845,0.11077647088609213,32768.0,,,
13,hpso38a,150000.0,140.0,3600000.0,8.0,0.1527513314848,0.23534142764573807,0.21713155590171707,1.743023955768774,1.77156251945221,1.8675433585007608,0.0,0.0,0.6052243150322552,5.382129833721745,5.987354148754,0.110886912,32768.0,,,
14,hpso38b,150000.0,140.0,3600000.0,8.0,0.1527513314848,0.23534142764573807,0.21713155590171707,2.119477734724715,1.77156251945221,1.8675433585007608,0.0,0.0,0.6052243150322552,5.758583612677686,6.363807927709941,0.110886912,32768.0,,,
0,hpso04b,150000.0,140.0,2880000.0,0.16666666666666666,0.3054980527648,0.5327726129034873,0.21131142515314827,0.0,0.0,0.0,0.0,0.0,1.0495820908214357,0.0005008799999999258,1.0500829708214356,0.221773824,65536.0,0.00050088,,
1,hpso04c,150000.0,140.0,8640000.0,0.16666666666666666,0.3054980527648,0.3066007207862523,0.14740481526390675,0.0,0.0,0.0,0.0,0.0,0.759503588814959,0.0005008800000000369,0.7600044688149591,0.221773824,65536.0,0.00050088,,
2,hpso05b,150000.0,140.0,5760000.0,0.25,0.3054980527648,0.5338869907128262,0.3121736340872243,0.0,0.0,0.0,0.0,0.0,1.1515586775648505,2.754999999243779e-07,1.1515589530648505,0.221773824,65536.0,,2.755e-07,
3,hpso13,35000.0,140.0,18000000.0,8.0,0.11244601444815074,0.02430653405570266,0.012384132242687482,0.21906105951889848,0.07582125592870664,0.07100266475598785,0.2635585961872138,0.0,0.14913668074654088,0.6294435763908068,0.7785802571373477,0.08162764931752949,65536.0,,,
4,hpso14,25000.0,140.0,7200000.0,8.0,0.07751439484064121,0.014877783690880076,0.007684027378956763,0.07888019981117939,0.04696269870403253,0.04555785761160958,0.16651909991704736,0.0,0.10007620591047806,0.33791985604386887,0.4379960619543469,0.05626909685727446,65536.0,,,
5,hpso15,15000.0,140.0,45360000.0,4.4,0.04206147404643648,0.0044339128570952385,0.002227053211241898,0.0234142301020103,0.013322976148040167,0.01369102749303739,0.053306890450172326,0.0,0.04872244011477362,0.1037351241932602,0.1524575643080338,0.030532159931555884,65536.0,,,
6,hpso18,150000.0,140.0,36000000.0,0.016666666666666666,0.3054980527648,0.5327726129034873,0.21131142515314827,0.0,0.0,0.0,0.0,0.0,1.0495820908214357,3.999999999892978e-06,1.0495860908214356,0.221773824,65536.0,,,4e-06
7,hpso22,150000.0,140.0,21600000.0,8.0,0.3054980527648,0.39943669129310766,0.22370744996831207,3.5974278658472465,1.562259560962004,1.6534967449122842,0.0,0.0,0.9286421940262197,6.8131841717215345,7.741826365747754,0.221773824,65536.0,,,
8,hpso27and33,30000.0,140.0,36000000.0,0.12333333333333334,0.09767955830379312,0.04901206973179755,0.02470263902283253,0.13565358812193856,0.16183654152933974,0.3194228997163421,0.0,0.0,0.1713942670584232,0.6169130293676204,0.7883072964260436,0.07090797611520483,65536.0,,,
9,hpso32,20000.0,140.0,36000000.0,2.2,0.06118019299432678,0.04729570058800171,0.02194065299486378,0.12465580450551414,0.0,0.15389751479241812,0.0,0.0,0.13041654657719226,0.27855331929793226,0.4089698658751245,0.044411342160869643,65536.0,,,
10,hpso37a,120000.0,140.0,36000000.0,3.8,0.30519378294415256,0.48815421063002573,0.22175096727745996,2.9335777550025153,1.8032273965557657,1.8981059427204583,0.0,0.0,1.0150989608516383,6.634911094278739,7.650010055130378,0.22155294177218426,65536.0,,,
11,hpso37b,120000.0,140.0,7200000.0,8.0,0.30519378294415256,0.48815421063002573,0.22175096727745996,4.3961329077561055,1.8032107287333776,1.8878080591028683,0.0,0.0,1.0150989608516383,8.087151695592352,9.10225065644399,0.22155294177218426,65536.0,,,
12,hpso37c,120000.0,140.0,7200000.0,8.0,0.30519378294415256,0.48815421063002573,0.22175096727745996,4.3961329077561055,1.8032107287333776,1.8878080591028683,0.0,0.0,1.0150989608516383,8.087151695592352,9.10225065644399,0.22155294177218426,65536.0,,,
13,hpso38a,150000.0,140.0,3600000.0,8.0,0.3054980527648,0.4074145187177381,0.2478964868783525,2.7410206874363943,1.77156251945221,1.8675433585007608,0.0,0.0,0.9608090583608907,6.380126565389365,7.340935623750256,0.221773824,65536.0,,,
14,hpso38b,150000.0,140.0,3600000.0,8.0,0.3054980527648,0.4074145187177381,0.2478964868783525,3.6692286948527153,1.77156251945221,1.8675433585007608,0.0,0.0,0.9608090583608907,7.308334572805686,8.269143631166576,0.221773824,65536.0,,,
0,hpso04b,150000.0,197.0,2880000.0,0.16666666666666666,0.0754655029914057,0.2767014472066459,0.13280990596753103,0.0,0.0,0.0,0.0,0.0,0.4849768561655826,0.0005008799999999813,0.4854777361655826,0.05477779748571428,8192.0,0.00050088,,
1,hpso04c,150000.0,197.0,8640000.0,0.16666666666666666,0.0754655029914057,0.19982883354980271,0.13523234966593325,0.0,0.0,0.0,0.0,0.0,0.4105266862071416,0.0005008799999999813,0.4110275662071416,0.05477779748571428,8192.0,0.00050088,,
2,hpso05b,150000.0,197.0,5760000.0,0.25,0.0754655029914057,0.2979570827853467,0.13440997966379903,0.0,0.0,0.0,0.0,0.0,0.5078325654405514,2.755000000354002e-07,0.5078328409405515,0.05477779748571428,8192.0,,2.755e-07,
3,hpso13,35000.0,197.0,18000000.0,8.0,0.02776135613433273,0.04429192629100353,0.021694002955363896,0.3989626593207251,0.14260711894888906,0.13433610824071623,0.48297000935779943,0.0,0.09374728538070015,1.1588758958681298,1.25262318124883,0.020147811691698676,8192.0,,,
4,hpso14,25000.0,197.0,7200000.0,8.0,0.01913373063055607,0.027555502716787368,0.013671169517356207,0.14887923234478867,0.08903299777714171,0.08626238145668516,0.3067615454102791,0.0,0.06036040286469965,0.6309361569888946,0.6912965598535943,0.013884868391777693,8192.0,,,
5,hpso15,15000.0,197.0,45360000.0,4.4,0.010380493485963945,0.008318996125257308,0.0039338080496002115,0.043449850448698,0.025356101560176533,0.02526929126044593,0.09447669852232529,0.0,0.022633297660821464,0.18855194179164575,0.2111852394524672,0.007530847078317521,8192.0,,,
6,hpso18,150000.0,197.0,36000000.0,0.016666666666666666,0.0754655029914057,0.2767014472066459,0.13280990596753103,0.0,0.0,0.0,0.0,0.0,0.4849768561655826,4.000000000004e-06,0.4849808561655826,0.05477779748571428,8192.0,,,4e-06
7,hpso22,150000.0,197.0,21600000.0,8.0,0.0754655029914057,0.16021657315321375,0.1335936372878173,1.442801886258986,1.0148207956513415,1.0880964456937554,0.0,0.0,0.36927571343243676,3.545719127604083,3.9149948410365196,0.05477779748571428,8192.0,,,
8,hpso27and33,30000.0,197.0,36000000.0,0.12333333333333334,0.02411322411418135,0.04824637685552878,0.04052015706964326,0.25617671242387474,0.3094380881949712,0.4702941961417886,0.0,0.0,0.11287975803935338,1.0359089967606345,1.148788754799988,0.017499592342434207,8192.0,,,
9,hpso32,20000.0,197.0,36000000.0,2.2,0.01509978549306355,0.04036798781308101,0.0268506233492802,0.1974507338172081,0.0,0.2396221606620592,0.0,0.0,0.08231839665542476,0.43707289447926734,0.5193912911346921,0.010956622134247015,8192.0,,,
10,hpso37a,120000.0,197.0,36000000.0,3.8,0.07539002960624393,0.2537102339238252,0.11797499489336374,1.4043643326648758,1.1861237446144557,1.297745751300206,0.0,0.0,0.4470752584234329,3.888233828579538,4.335309087002971,0.05472301392597365,8192.0,,,
11,hpso37b,120000.0,197.0,7200000.0,8.0,0.07539002960624393,0.2537102339238252,0.11797499489336374,2.284829570237772,1.1861070767920676,1.2829837219008726,0.0,0.0,0.4470752584234329,4.753920368930712,5.2009956273541444,0.05472301392597365,8192.0,,,
12,hpso37c,120000.0,197.0,7200000.0,8.0,0.07539002960624393,0.2537102339238252,0.11797499489336374,2.284829570237772,1.1861070767920676,1.2829837219008726,0.0,0.0,0.4470752584234329,4.753920368930712,5.2009956273541444,0.05472301392597365,8192.0,,,
13,hpso38a,150000.0,197.0,3600000.0,8.0,0.0754655029914057,0.1691324968384255,0.13643271235467558,1.0690935846608067,1.0306639314687427,1.1133047217630936,0.0,0.0,0.3810307121845068,3.213062237892643,3.5940929500771497,0.05477779748571428,8192.0,,,
14,hpso38b,150000.0,197.0,3600000.0,8.0,0.0754655029914057,0.1691324968384255,0.13643271235467558,1.5230455816096853,1.0306639314687427,1.1133047217630936,0.0,0.0,0.3810307121845068,3.6670142348415213,4.048044947026028,0.05477779748571428,8192.0,,,
0,hpso04b,150000.0,197.0,2880000.0,0.16666666666666666,0.15092191902797708,0.38197271692639573,0.21029685568359724,0.0,0.0,0.0,0.0,0.0,0.74319149163797,0.0005008800000000369,0.7436923716379701,0.10955559497142855,16384.0,0.00050088,,
1,hpso04c,150000.0,197.0,8640000.0,0.16666666666666666,0.15092191902797708,0.30507975528354975,0.2120941261113418,0.0,0.0,0.0,0.0,0.0,0.6680958004228686,0.0005008800000000369,0.6685966804228687,0.10955559497142855,16384.0,0.00050088,,
2,hpso05b,150000.0,197.0,5760000.0,0.25,0.15092191902797708,0.4015045880459215,0.21166566881448107,0.0,0.0,0.0,0.0,0.0,0.7640921758883796,2.755000000354002e-07,0.7640924513883797,0.10955559497142855,16384.0,,2.755e-07,
3,hpso13,35000.0,197.0,18000000.0,8.0,0.05551496673964766,0.04429192629100353,0.021694002955363896,0.3989626593207251,0.14260711894888906,0.13433610824071623,0.48297000935779943,0.0,0.12150089598601507,1.1588758958681298,1.2803767918541449,0.04029562338339735,16384.0,,,
4,hpso14,25000.0,197.0,7200000.0,8.0,0.038260136840229844,0.027555502716787368,0.013671169517356207,0.14887923234478867,0.08903299777714171,0.08626238145668516,0.3067615454102791,0.0,0.07948680907437343,0.6309361569888947,0.7104229660632682,0.027769736783555387,16384.0,,,
5,hpso15,15000.0,197.0,45360000.0,4.4,0.020754235336346332,0.008318996125257308,0.0039338080496002115,0.043449850448698,0.025356101560176533,0.02526929126044593,0.09447669852232529,0.0,0.03300703951120385,0.18855194179164578,0.22155898130284962,0.015061694156635042,16384.0,,,
6,hpso18,150000.0,197.0,36000000.0,0.016666666666666666,0.15092191902797708,0.38197271692639573,0.21029685568359724,0.0,0.0,0.0,0.0,0.0,0.74319149163797,4.000000000004e-06,0.74319549163797,0.10955559497142855,16384.0,,,4e-06
7,hpso22,150000.0,197.0,21600000.0,8.0,0.15092191902797708,0.2507249090518866,0.21049971752983526,2.2580345538979167,1.9091878472412227,1.9888870159026772,0.0,0.0,0.6121465456096989,6.156109417041817,6.768255962651516,0.10955559497142855,16384.0,,,
8,hpso27and33,30000.0,197.0,36000000.0,0.12333333333333334,0.048218912565884474,0.07927722747382,0.04604499902337181,0.25617671242387474,0.3094380881949712,0.4702941961417886,0.0,0.0,0.17354113906307628,1.0359089967606345,1.2094501358237109,0.034999184684868415,16384.0,,,
9,hpso32,20000.0,197.0,36000000.0,2.2,0.030192532482988813,0.0612791739030584,0.041848241549753,0.2381813772996802,0.0,0.28882002136329193,0.0,0.0,0.1333199479358002,0.527001398662972,0.6603213465987723,0.02191324426849403,16384.0,,,
10,hpso37a,120000.0,197.0,36000000.0,3.8,0.15077098128927266,0.35141000699572894,0.1952563348247068,2.1898724411839394,2.078826040735023,2.204869936301473,0.0,0.0,0.6974373231097084,6.473568418220435,7.171005741330144,0.1094460278519473,16384.0,,,
11,hpso37b,120000.0,197.0,7200000.0,8.0,0.15077098128927266,0.35141000699572894,0.1952563348247068,3.164333516733302,2.078809372912635,2.1945720526838826,0.0,0.0,0.6974373231097084,7.437714942329819,8.135152265439528,0.1094460278519473,16384.0,,,
12,hpso37c,120000.0,197.0,7200000.0,8.0,0.15077098128927266,0.35141000699572894,0.1952563348247068,3.164333516733302,2.078809372912635,2.1945720526838826,0.0,0.0,0.6974373231097084,7.437714942329819,8.135152265439528,0.1094460278519473,16384.0,,,
13,hpso38a,150000.0,197.0,3600000.0,8.0,0.15092191902797708,0.26228988912076784,0.21335749538240686,1.8266596251733545,1.9365168096662957,2.0310386167413257,0.0,0.0,0.6265693035311518,5.794215051580975,6.4207843551121275,0.10955559497142855,16384.0,,,
14,hpso38b,150000.0,197.0,3600000.0,8.0,0.15092191902797708,0.26228988912076784,0.21335749538240686,2.3621197567016425,1.9365168096662957,2.0310386167413257,0.0,0.0,0.6265693035311518,6.329675183109263,6.956244486640415,0.10955559497142855,16384.0,,,
0,hpso04b,150000.0,197.0,2880000.0,0.16666666666666666,0.30183475110111996,0.5801074045890104,0.359670932271939,0.0,0.0,0.0,0.0,0.0,1.2416130879620693,0.0005008799999999258,1.2421139679620692,0.2191111899428571,32768.0,0.00050088,,
1,hpso04c,150000.0,197.0,8640000.0,0.16666666666666666,0.30183475110111996,0.4928042894674403,0.23229267792631073,0.0,0.0,0.0,0.0,0.0,1.026931718494871,0.0005008799999999258,1.027432598494871,0.2191111899428571,32768.0,0.00050088,,
2,hpso05b,150000.0,197.0,5760000.0,0.25,0.30183475110111996,0.5939367701594994,0.3658748099437913,0.0,0.0,0.0,0.0,0.0,1.2616463312044108,2.754999999243779e-07,1.2616466067044108,0.2191111899428571,32768.0,,2.755e-07,
3,hpso13,35000.0,197.0,18000000.0,8.0,0.11102218795027752,0.04429192629100353,0.021694002955363896,0.3989626593207251,0.14260711894888906,0.13433610824071623,0.48297000935779943,0.0,0.17700811719664494,1.1588758958681298,1.3358840130647747,0.0805912467667947,32768.0,,,
4,hpso14,25000.0,197.0,7200000.0,8.0,0.07651294925957738,0.027555502716787368,0.013671169517356207,0.14887923234478867,0.08903299777714171,0.08626238145668516,0.3067615454102791,0.0,0.11773962149372096,0.6309361569888947,0.7486757784826157,0.055539473567110774,32768.0,,,
5,hpso15,15000.0,197.0,45360000.0,4.4,0.0415017190371111,0.008318996125257308,0.0039338080496002115,0.043449850448698,0.025356101560176533,0.02526929126044593,0.09447669852232529,0.0,0.053754523211968615,0.18855194179164578,0.24230646500361439,0.030123388313270084,32768.0,,,
6,hpso18,150000.0,197.0,36000000.0,0.016666666666666666,0.30183475110111996,0.5801074045890104,0.359670932271939,0.0,0.0,0.0,0.0,0.0,1.2416130879620693,3.999999999892978e-06,1.2416170879620692,0.2191111899428571,32768.0,,,4e-06
7,hpso22,150000.0,197.0,21600000.0,8.0,0.30183475110111996,0.4190737862633088,0.36396102182587625,3.7741435388418414,2.9921446962369425,3.084726795687467,0.0,0.0,1.084869559190305,9.851015030766252,10.935884589956556,0.2191111899428571,32768.0,,,
8,hpso27and33,30000.0,197.0,36000000.0,0.12333333333333334,0.0964302894692907,0.09128138848949932,0.04604499902337181,0.25617671242387474,0.3094380881949712,0.4702941961417886,0.0,0.0,0.23375667698216182,1.0359089967606347,1.2696656737427965,0.06999836936973683,32768.0,,,
9,hpso32,20000.0,197.0,36000000.0,2.2,0.060378026462839345,0.08837864618961765,0.041848241549753,0.2381813772996802,0.0,0.28882002136329193,0.0,0.0,0.19060491420220999,0.5270013986629722,0.7176063128651822,0.04382648853698806,32768.0,,,
10,hpso37a,120000.0,197.0,36000000.0,3.8,0.30153288465533007,0.5314208571734522,0.349315127189241,3.701847365914294,3.433676138540299,3.5719688318170135,0.0,0.0,1.1822688690180232,10.707492336271606,11.889761205289629,0.2188920557038946,32768.0,,,
11,hpso37b,120000.0,197.0,7200000.0,8.0,0.30153288465533007,0.5314208571734522,0.349315127189241,4.785514562389619,3.433659470717911,3.565143061585224,0.0,0.0,1.1822688690180232,11.784317094692755,12.966585963710777,0.2188920557038946,32768.0,,,
12,hpso37c,120000.0,197.0,7200000.0,8.0,0.30153288465533007,0.5314208571734522,0.349315127189241,4.785514562389619,3.433659470717911,3.565143061585224,0.0,0.0,1.1822688690180232,11.784317094692755,12.966585963710777,0.2188920557038946,32768.0,,,
13,hpso38a,150000.0,197.0,3600000.0,8.0,0.30183475110111996,0.43360963881263437,0.36688428605742224,3.297785987226841,3.380037814967596,3.495990121314557,0.0,0.0,1.1023286759711766,10.173813923508995,11.27614259948017,0.2191111899428571,32768.0,,,
14,hpso38b,150000.0,197.0,3600000.0,8.0,0.30183475110111996,0.43360963881263437,0.36688428605742224,3.904966593969566,3.380037814967596,3.495990121314557,0.0,0.0,1.1023286759711766,10.78099453025172,11.883323206222896,0.2191111899428571,32768.0,,,
0,hpso04b,150000.0,197.0,2880000.0,0.16666666666666666,0.6036604152474057,0.9445832906034778,0.359670932271939,0.0,0.0,0.0,0.0,0.0,1.9079146381228225,0.0005008799999999258,1.9084155181228224,0.4382223798857142,65536.0,0.00050088,,
1,hpso04c,150000.0,197.0,8640000.0,0.16666666666666666,0.6036604152474057,0.5575351330093606,0.23229267792631073,0.0,0.0,0.0,0.0,0.0,1.3934882261830772,0.0005008799999999258,1.3939891061830771,0.4382223798857142,65536.0,0.00050088,,
2,hpso05b,150000.0,197.0,5760000.0,0.25,0.6036604152474057,0.9540150254097853,0.5544420049055788,0.0,0.0,0.0,0.0,0.0,2.11211744556277,2.755000001464225e-07,2.11211772106277,0.4382223798857142,65536.0,,2.755e-07,
3,hpso13,35000.0,197.0,18000000.0,8.0,0.22203663037153726,0.04429192629100353,0.021694002955363896,0.3989626593207251,0.14260711894888906,0.13433610824071623,0.48297000935779943,0.0,0.2880225596179047,1.15887589586813,1.4468984554860347,0.1611824935335894,65536.0,,,
4,hpso14,25000.0,197.0,7200000.0,8.0,0.15301857409827246,0.027555502716787368,0.013671169517356207,0.14887923234478867,0.08903299777714171,0.08626238145668516,0.3067615454102791,0.0,0.19424524633241602,0.6309361569888947,0.8251814033213107,0.11107894713422155,65536.0,,,
5,hpso15,15000.0,197.0,45360000.0,4.4,0.08299668643864065,0.008318996125257308,0.0039338080496002115,0.043449850448698,0.025356101560176533,0.02526929126044593,0.09447669852232529,0.0,0.09524949061349818,0.18855194179164575,0.28380143240514394,0.06024677662654017,65536.0,,,
6,hpso18,150000.0,197.0,36000000.0,0.016666666666666666,0.6036604152474057,0.9445832906034778,0.359670932271939,0.0,0.0,0.0,0.0,0.0,1.9079146381228225,3.999999999892978e-06,1.9079186381228224,0.4382223798857142,65536.0,,,4e-06
7,hpso22,150000.0,197.0,21600000.0,8.0,0.6036604152474057,0.7548594716063944,0.3823604283706642,6.798383686385614,2.9921446962369425,3.084726795687467,0.0,0.0,1.740880315224464,12.875255178310022,14.616135493534486,0.4382223798857142,65536.0,,,
8,hpso27and33,30000.0,197.0,36000000.0,0.12333333333333334,0.19285304327610323,0.09128138848949932,0.04604499902337181,0.25617671242387474,0.3094380881949712,0.4702941961417886,0.0,0.0,0.3301794307889744,1.0359089967606345,1.366088427549609,0.13999673873947366,65536.0,,,
9,hpso32,20000.0,197.0,36000000.0,2.2,0.1207490144225404,0.08837864618961765,0.041848241549753,0.2381813772996802,0.0,0.28882002136329193,0.0,0.0,0.250975902161911,0.5270013986629721,0.7779773008248831,0.08765297707397612,65536.0,,,
10,hpso37a,120000.0,197.0,36000000.0,3.8,0.603056691387445,0.8840842869387147,0.3938361887992073,5.444234974027552,3.433676138540299,3.5719688318170135,0.0,0.0,1.880977167125367,12.449879944384865,14.330857111510232,0.4377841114077892,65536.0,,,
11,hpso37b,120000.0,197.0,7200000.0,8.0,0.603056691387445,0.8840842869387147,0.3938361887992073,7.961515836942459,3.433659470717911,3.565143061585224,0.0,0.0,1.880977167125367,14.960318369245593,16.84129553637096,0.4377841114077892,65536.0,,,
12,hpso37c,120000.0,197.0,7200000.0,8.0,0.603056691387445,0.8840842869387147,0.3938361887992073,7.961515836942459,3.433659470717911,3.565143061585224,0.0,0.0,1.880977167125367,14.960318369245593,16.84129553637096,0.4377841114077892,65536.0,,,
13,hpso38a,150000.0,197.0,3600000.0,8.0,0.6036604152474057,0.76939532415572,0.4268256034760156,5.244417992538361,3.380037814967596,3.495990121314557,0.0,0.0,1.7998813428791414,12.120445928820514,13.920327271699655,0.4382223798857142,65536.0,,,
14,hpso38b,150000.0,197.0,3600000.0,8.0,0.6036604152474057,0.76939532415572,0.4268256034760156,6.929206741513337,3.380037814967596,3.495990121314557,0.0,0.0,1.7998813428791414,13.80523467779549,15.60511602067463,0.4382223798857142,65536.0,,,
