,hpso01 (Ingest) [Nf_max=16384] [Na=32] [Bmax=4062.5],hpso01 (RCAL) [Nf_max=16384] [Na=32] [Bmax=4062.5],hpso01 (FastImg) [Nf_max=16384] [Na=32] [Bmax=4062.5],hpso01 (ICAL) [Nf_max=16384] [Na=32] [Bmax=4062.5],hpso01 (DPrepA) [Nf_max=16384] [Na=32] [Bmax=4062.5],hpso01 (DPrepB) [Nf_max=16384] [Na=32] [Bmax=4062.5],hpso01 (DPrepC) [Nf_max=16384] [Na=32] [Bmax=4062.5],hpso01 (DPrepD) [Nf_max=16384] [Na=32] [Bmax=4062.5],hpso02a (Ingest) [Nf_max=16384] [Na=32] [Bmax=4062.5],hpso02a (RCAL) [Nf_max=16384] [Na=32] [Bmax=4062.5],hpso02a (FastImg) [Nf_max=16384] [Na=32] [Bmax=4062.5],hpso02a (ICAL) [Nf_max=16384] [Na=32] [Bmax=4062.5],hpso02a (DPrepA) [Nf_max=16384] [Na=32] [Bmax=4062.5],hpso02a (DPrepB) [Nf_max=16384] [Na=32] [Bmax=4062.5],hpso02a (DPrepC) [Nf_max=16384] [Na=32] [Bmax=4062.5],hpso02a (DPrepD) [Nf_max=16384] [Na=32] [Bmax=4062.5],hpso02b (Ingest) [Nf_max=16384] [Na=32] [Bmax=4062.5],hpso02b (RCAL) [Nf_max=16384] [Na=32] [Bmax=4062.5],hpso02b (FastImg) [Nf_max=16384] [Na=32] [Bmax=4062.5],hpso02b (ICAL) [Nf_max=16384] [Na=32] [Bmax=4062.5],hpso02b (DPrepA) [Nf_max=16384] [Na=32] [Bmax=4062.5],hpso02b (DPrepB) [Nf_max=16384] [Na=32] [Bmax=4062.5],hpso02b (DPrepC) [Nf_max=16384] [Na=32] [Bmax=4062.5],hpso02b (DPrepD) [Nf_max=16384] [Na=32] [Bmax=4062.5],hpso04a (Ingest) [Nf_max=16384] [Na=32] [Bmax=4062.5],hpso04a (RCAL) [Nf_max=16384] [Na=32] [Bmax=4062.5],hpso04a (FastImg) [Nf_max=16384] [Na=32] [Bmax=4062.5],hpso04a (PSS) [Nf_max=16384] [Na=32] [Bmax=4062.5],hpso05a (Ingest) [Nf_max=16384] [Na=32] [Bmax=4062.5],hpso05a (RCAL) [Nf_max=16384] [Na=32] [Bmax=4062.5],hpso05a (FastImg) [Nf_max=16384] [Na=32] [Bmax=4062.5],hpso05a (PST) [Nf_max=16384] [Na=32] [Bmax=4062.5],max_low (Ingest) [Nf_max=16384] [Na=32] [Bmax=4062.5],max_low (RCAL) [Nf_max=16384] [Na=32] [Bmax=4062.5],max_low (FastImg) [Nf_max=16384] [Na=32] [Bmax=4062.5],max_low (ICAL) [Nf_max=16384] [Na=32] [Bmax=4062.5],max_low (DPrepA) [Nf_max=16384] [Na=32] [Bmax=4062.5],max_low (DPrepA_Image) [Nf_max=16384] [Na=32] [Bmax=4062.5],max_low (DPrepB) [Nf_max=16384] [Na=32] [Bmax=4062.5],max_low (DPrepC) [Nf_max=16384] [Na=32] [Bmax=4062.5],max_low (DPrepD) [Nf_max=16384] [Na=32] [Bmax=4062.5]
-- Parameters --,,,,,,,,,,,,,,,,,,,,,,,,,,,,,,,,,,,,,,,,,
Telescope,SKA1_Low,SKA1_Low,SKA1_Low,SKA1_Low,SKA1_Low,SKA1_Low,SKA1_Low,SKA1_Low,SKA1_Low,SKA1_Low,SKA1_Low,SKA1_Low,SKA1_Low,SKA1_Low,SKA1_Low,SKA1_Low,SKA1_Low,SKA1_Low,SKA1_Low,SKA1_Low,SKA1_Low,SKA1_Low,SKA1_Low,SKA1_Low,SKA1_Low,SKA1_Low,SKA1_Low,SKA1_Low,SKA1_Low,SKA1_Low,SKA1_Low,SKA1_Low,SKA1_Low,SKA1_Low,SKA1_Low,SKA1_Low,SKA1_Low,SKA1_Low,SKA1_Low,SKA1_Low,SKA1_Low
Band,Low,Low,Low,Low,Low,Low,Low,Low,Low,Low,Low,Low,Low,Low,Low,Low,Low,Low,Low,Low,Low,Low,Low,Low,Low,Low,Low,Low,Low,Low,Low,Low,Low,Low,Low,Low,Low,Low,Low,Low,Low
Frequency Min [GHz],0.05,0.05,0.05,0.05,0.05,0.05,0.05,0.05,0.05,0.05,0.05,0.05,0.05,0.05,0.05,0.05,0.05,0.05,0.05,0.05,0.05,0.05,0.05,0.05,0.15,0.15,0.15,0.15,0.15,0.15,0.15,0.15,0.05,0.05,0.05,0.05,0.05,0.05,0.05,0.05,0.05
Frequency Max [GHz],0.2,0.2,0.2,0.2,0.2,0.2,0.2,0.2,0.2,0.2,0.2,0.2,0.2,0.2,0.2,0.2,0.2,0.2,0.2,0.2,0.2,0.2,0.2,0.2,0.35,0.35,0.35,0.35,0.35,0.35,0.35,0.35,0.35,0.35,0.35,0.35,0.35,0.35,0.35,0.35,0.35
Pipeline,Ingest,RCAL,FastImg,ICAL,DPrepA,DPrepB,DPrepC,DPrepD,Ingest,RCAL,FastImg,ICAL,DPrepA,DPrepB,DPrepC,DPrepD,Ingest,RCAL,FastImg,ICAL,DPrepA,DPrepB,DPrepC,DPrepD,Ingest,RCAL,FastImg,PSS,Ingest,RCAL,FastImg,PST,Ingest,RCAL,FastImg,ICAL,DPrepA,DPrepA_Image,DPrepB,DPrepC,DPrepD
Baseline coalescing,True,True,True,True,True,True,True,True,True,True,True,True,True,True,True,True,True,True,True,True,True,True,True,True,True,True,True,True,True,True,True,True,True,True,True,True,True,True,True,True,True
On-the-fly kernels,False,False,False,False,False,False,False,False,False,False,False,False,False,False,False,False,False,False,False,False,False,False,False,False,False,False,False,False,False,False,False,False,False,False,False,False,False,False,False,False,False
Scale predict by facet,True,True,True,True,True,True,True,True,True,True,True,True,True,True,True,True,True,True,True,True,True,True,True,True,True,True,True,True,True,True,True,True,True,True,True,True,True,True,True,True,True
Max # of channels,16384,16384,16384,16384,16384,16384,16384,16384,16384,16384,16384,16384,16384,16384,16384,16384,16384,16384,16384,16384,16384,16384,16384,16384,16384,16384,16384,16384,16384,16384,16384,16384,16384,16384,16384,16384,16384,16384,16384,16384,16384
Max Baseline [km],4.0625,4.0625,4.0625,4.0625,4.0625,4.0625,4.0625,4.0625,4.0625,4.0625,4.0625,4.0625,4.0625,4.0625,4.0625,4.0625,4.0625,4.0625,4.0625,4.0625,4.0625,4.0625,4.0625,4.0625,4.0625,4.0625,4.0625,4.0625,4.0625,4.0625,4.0625,4.0625,4.0625,4.0625,4.0625,4.0625,4.0625,4.0625,4.0625,4.0625,4.0625
Dump time [s],11.308286273491978,11.308286273491978,1.0,11.308286273491978,11.308286273491978,11.308286273491978,5.818065288870986,5.818065288870986,11.308286273491978,11.308286273491978,1.0,11.308286273491978,11.308286273491978,11.308286273491978,5.818065288870986,5.818065288870986,11.308286273491978,11.308286273491978,1.0,11.308286273491978,11.308286273491978,11.308286273491978,5.818065288870986,5.818065288870986,11.279070966733395,11.279070966733395,1.0,9.375,11.279070966733395,11.279070966733395,1.0,(undefined),11.304169156353911,11.304169156353911,1.0,11.304169156353911,11.304169156353911,11.304169156353911,11.304169156353911,5.815947049578853,5.815947049578853
Observation Time [s],18000.0,18000.0,18000.0,18000.0,18000.0,18000.0,18000.0,18000.0,18000.0,18000.0,18000.0,18000.0,18000.0,18000.0,18000.0,18000.0,18000.0,18000.0,18000.0,18000.0,18000.0,18000.0,18000.0,18000.0,2400.0,2400.0,2400.0,2400.0,2400.0,2400.0,2400.0,2400.0,21600.0,21600.0,21600.0,21600.0,21600.0,21600.0,21600.0,21600.0,21600.0
Pointing Time [s],7200000.0,7200000.0,7200000.0,7200000.0,7200000.0,7200000.0,7200000.0,7200000.0,720000.0,720000.0,720000.0,720000.0,720000.0,720000.0,720000.0,720000.0,72000.0,72000.0,72000.0,72000.0,72000.0,72000.0,72000.0,72000.0,2400.0,2400.0,2400.0,2400.0,2400.0,2400.0,2400.0,2400.0,21600.0,21600.0,21600.0,21600.0,21600.0,21600.0,21600.0,21600.0,21600.0
Total Time [s],18000000.0,18000000.0,18000000.0,18000000.0,18000000.0,18000000.0,18000000.0,18000000.0,18000000.0,18000000.0,18000000.0,18000000.0,18000000.0,18000000.0,18000000.0,18000000.0,18000000.0,18000000.0,18000000.0,18000000.0,18000000.0,18000000.0,18000000.0,18000000.0,45900000.0,45900000.0,45900000.0,45900000.0,15480000.0,15480000.0,15480000.0,15480000.0,21600.0,21600.0,21600.0,21600.0,21600.0,21600.0,21600.0,21600.0,21600.0
Snapshot Time [s],600,600,1.0,600,600,600,600,600,600,600,1.0,600,600,600,600,600,600,600,1.0,600,600,600,600,600,600,600,1.0,600,600,600,1.0,600,600,600,1.0,600,600,600,600,600,600
Facets,(undefined),1.0,1.0,1.0,1.0,1.0,1.0,(undefined),(undefined),1.0,1.0,1.0,1.0,1.0,1.0,(undefined),(undefined),1.0,1.0,1.0,1.0,1.0,1.0,(undefined),(undefined),1.0,1.0,(undefined),(undefined),1.0,1.0,(undefined),(undefined),1.0,1.0,1.0,1.0,1.0,1.0,1.0,(undefined)
w-stacking planes,(undefined),10.167176442032947,1.0,10.167176441980036,4.680786584301962,3.078268379933094,3.088033026044335,(undefined),(undefined),10.167176442032947,1.0,7.365971939267296,4.680786584301962,3.078268379933094,3.088033026044335,(undefined),(undefined),10.167176442032947,1.0,7.365971939267296,4.680786584301962,3.078268379933094,3.088033026044335,(undefined),(undefined),4.636843840637893,1.0000222031030692,(undefined),(undefined),4.636843840637893,1.0000222031030692,(undefined),(undefined),10.943288973061698,1.0,10.943288972885089,5.070851676215324,5.0650898381199445,3.326754838812234,1.7361960966698782,(undefined)
w-stacking planes predict,(undefined),10.167176442032947,1.0,10.167176441980036,4.680786584301962,3.078268379933094,3.088033026044335,(undefined),(undefined),10.167176442032947,1.0,7.365971939267296,4.680786584301962,3.078268379933094,3.088033026044335,(undefined),(undefined),10.167176442032947,1.0,7.365971939267296,4.680786584301962,3.078268379933094,3.088033026044335,(undefined),(undefined),4.636843840637893,1.0000222031030692,(undefined),(undefined),4.636843840637893,1.0000222031030692,(undefined),(undefined),10.943288973061698,1.0,10.943288972885089,5.070851676215324,5.0650898381199445,3.326754838812234,1.7361960966698782,(undefined)
Stations/antennas,32,32,32,32,32,32,32,32,32,32,32,32,32,32,32,32,32,32,32,32,32,32,32,32,32,32,32,32,32,32,32,32,32,32,32,32,32,32,32,32,32
Max Baseline [per bin]0 [km],4.0625,4.0625,4.0625,4.0625,4.0625,4.0625,4.0625,4.0625,4.0625,4.0625,4.0625,4.0625,4.0625,4.0625,4.0625,4.0625,4.0625,4.0625,4.0625,4.0625,4.0625,4.0625,4.0625,4.0625,4.0625,4.0625,4.0625,4.0625,4.0625,4.0625,4.0625,4.0625,4.0625,4.0625,4.0625,4.0625,4.0625,4.0625,4.0625,4.0625,4.0625
Baseline fraction [per bin]0 [%],46.30065759,46.30065759,46.30065759,46.30065759,46.30065759,46.30065759,46.30065759,46.30065759,46.30065759,46.30065759,46.30065759,46.30065759,46.30065759,46.30065759,46.30065759,46.30065759,46.30065759,46.30065759,46.30065759,46.30065759,46.30065759,46.30065759,46.30065759,46.30065759,46.30065759,46.30065759,46.30065759,46.30065759,46.30065759,46.30065759,46.30065759,46.30065759,46.30065759,46.30065759,46.30065759,46.30065759,46.30065759,46.30065759,46.30065759,46.30065759,46.30065759
-- Image --,,,,,,,,,,,,,,,,,,,,,,,,,,,,,,,,,,,,,,,,,
Facet FoV size [deg],(undefined),42.72857525988047,15.825398244400175,42.72857525988047,15.825398244400175,15.825398244400175,15.825398244400175,(undefined),(undefined),42.72857525988047,15.825398244400175,28.485716839920315,15.825398244400175,15.825398244400175,15.825398244400175,(undefined),(undefined),42.72857525988047,15.825398244400175,28.485716839920315,15.825398244400175,15.825398244400175,15.825398244400175,(undefined),(undefined),16.31971496748411,6.044338876845966,(undefined),(undefined),16.31971496748411,6.044338876845966,(undefined),(undefined),39.08035431440457,14.474205301631324,39.08035431440457,14.474205301631324,14.474205301631324,14.474205301631324,14.474205301631324,(undefined)
Total FoV size [deg],15.825398244400175,42.72857525988047,15.825398244400175,42.72857525988047,15.825398244400175,15.825398244400175,15.825398244400175,15.825398244400175,15.825398244400175,42.72857525988047,15.825398244400175,28.485716839920315,15.825398244400175,15.825398244400175,15.825398244400175,15.825398244400175,15.825398244400175,42.72857525988047,15.825398244400175,28.485716839920315,15.825398244400175,15.825398244400175,15.825398244400175,15.825398244400175,6.044338876845965,16.31971496748411,6.044338876845965,(undefined),6.044338876845965,16.31971496748411,6.044338876845965,(undefined),14.474205301631324,39.08035431440457,14.474205301631324,39.08035431440457,14.474205301631324,14.474205301631324,14.474205301631324,14.474205301631324,14.474205301631324
Output FoV size [deg],(undefined),(undefined),(undefined),(undefined),6.646667262648073,6.646667262648073,6.646667262648073,(undefined),(undefined),(undefined),(undefined),(undefined),6.646667262648073,6.646667262648073,6.646667262648073,(undefined),(undefined),(undefined),(undefined),(undefined),6.646667262648073,6.646667262648073,6.646667262648073,(undefined),(undefined),(undefined),(undefined),(undefined),(undefined),(undefined),(undefined),(undefined),(undefined),(undefined),(undefined),(undefined),6.079166226685156,6.079166226685156,6.079166226685156,6.079166226685156,(undefined)
PSF size [arcs],248.45499655411965,248.45499655411965,248.45499655411965,248.45499655411965,248.45499655411965,248.45499655411965,248.45499655411965,248.45499655411965,248.45499655411965,248.45499655411965,248.45499655411965,248.45499655411965,248.45499655411965,248.45499655411965,248.45499655411965,248.45499655411965,248.45499655411965,248.45499655411965,248.45499655411965,248.45499655411965,248.45499655411965,248.45499655411965,248.45499655411965,248.45499655411965,94.40499253290132,94.40499253290132,94.40499253290132,(undefined),94.40499253290132,94.40499253290132,94.40499253290132,(undefined),227.07615007167163,227.07615007167163,227.07615007167163,227.07615007167163,227.07615007167163,227.07615007167163,227.07615007167163,227.07615007167163,227.07615007167163
Pixel size [arcs],49.690999310823926,49.690999310823926,82.81833218470655,49.690999310823926,49.690999310823926,49.690999310823926,49.690999310823926,49.690999310823926,49.690999310823926,49.690999310823926,82.81833218470655,49.690999310823926,49.690999310823926,49.690999310823926,49.690999310823926,49.690999310823926,49.690999310823926,49.690999310823926,82.81833218470655,49.690999310823926,49.690999310823926,49.690999310823926,49.690999310823926,49.690999310823926,18.880998506580262,18.880998506580262,31.468330844300436,(undefined),18.880998506580262,18.880998506580262,31.468330844300436,(undefined),45.41523001433432,45.41523001433432,75.69205002389054,45.41523001433432,45.41523001433432,45.41523001433432,45.41523001433432,45.41523001433432,45.41523001433432
Facet side length [pixels],(undefined),3095.588196433459,687.9084880963243,3095.588196433459,1146.514146827207,1146.514146827207,1146.514146827207,(undefined),(undefined),3095.588196433459,687.9084880963243,2063.7254642889725,1146.514146827207,1146.514146827207,1146.514146827207,(undefined),(undefined),3095.588196433459,687.9084880963243,2063.7254642889725,1146.514146827207,1146.514146827207,1146.514146827207,(undefined),(undefined),3111.6454917607957,691.4767759468435,(undefined),(undefined),3111.6454917607957,691.4767759468435,(undefined),(undefined),3097.843509489019,688.4096687753374,3097.843509489019,1147.349447958896,1147.349447958896,1147.349447958896,1147.349447958896,(undefined)
Image side length [pixels],1146.514146827207,3095.588196433459,687.9084880963242,3095.588196433459,1146.514146827207,1146.514146827207,1146.514146827207,1146.514146827207,1146.514146827207,3095.588196433459,687.9084880963242,2063.7254642889725,1146.514146827207,1146.514146827207,1146.514146827207,1146.514146827207,1146.514146827207,3095.588196433459,687.9084880963242,2063.7254642889725,1146.514146827207,1146.514146827207,1146.514146827207,1146.514146827207,1152.461293244739,3111.6454917607957,691.4767759468434,(undefined),1152.461293244739,3111.6454917607957,691.4767759468434,(undefined),1147.349447958896,3097.8435094890187,688.4096687753375,3097.8435094890187,1147.349447958896,1147.349447958896,1147.349447958896,1147.349447958896,1147.349447958896
Output image side length [pixels],(undefined),(undefined),(undefined),(undefined),481.5359416674269,481.5359416674269,481.5359416674269,(undefined),(undefined),(undefined),(undefined),(undefined),481.5359416674269,481.5359416674269,481.5359416674269,(undefined),(undefined),(undefined),(undefined),(undefined),481.5359416674269,481.5359416674269,481.5359416674269,(undefined),(undefined),(undefined),(undefined),(undefined),(undefined),(undefined),(undefined),(undefined),(undefined),(undefined),(undefined),(undefined),481.88676814273623,481.88676814273623,481.88676814273623,481.88676814273623,(undefined)
Grid side dimension [lambda],4150.949047268743,4150.949047268743,2490.569428361246,4150.949047268743,4150.949047268743,4150.949047268743,4150.949047268743,4150.949047268743,4150.949047268743,4150.949047268743,2490.569428361246,4150.949047268743,4150.949047268743,4150.949047268743,4150.949047268743,4150.949047268743,4150.949047268743,4150.949047268743,2490.569428361246,4150.949047268743,4150.949047268743,4150.949047268743,4150.949047268743,4150.949047268743,10924.464941576607,10924.464941576607,6554.678964945964,(undefined),10924.464941576607,10924.464941576607,6554.678964945964,(undefined),4541.7540807784835,4541.7540807784835,2725.0524484670896,4541.7540807784835,4541.7540807784835,4541.7540807784835,4541.7540807784835,4541.7540807784835,4541.7540807784835
Baselines dimension [lambda],2490.5694283612456,2490.5694283612456,2490.5694283612456,2490.5694283612456,2490.5694283612456,2490.5694283612456,2490.5694283612456,2490.5694283612456,2490.5694283612456,2490.5694283612456,2490.5694283612456,2490.5694283612456,2490.5694283612456,2490.5694283612456,2490.5694283612456,2490.5694283612456,2490.5694283612456,2490.5694283612456,2490.5694283612456,2490.5694283612456,2490.5694283612456,2490.5694283612456,2490.5694283612456,2490.5694283612456,6554.678964945964,6554.678964945964,6554.678964945964,(undefined),6554.678964945964,6554.678964945964,6554.678964945964,(undefined),2725.05244846709,2725.05244846709,2725.05244846709,2725.05244846709,2725.05244846709,2725.05244846709,2725.05244846709,2725.05244846709,2725.05244846709
Epsilon (approx),0.6666666666666672,0.6666666666666672,0.342997170285018,0.6666666666666672,0.6666666666666672,0.6666666666666672,0.342997170285018,0.342997170285018,0.6666666666666672,0.6666666666666672,0.342997170285018,0.6666666666666672,0.6666666666666672,0.6666666666666672,0.342997170285018,0.342997170285018,0.6666666666666672,0.6666666666666672,0.342997170285018,0.6666666666666672,0.6666666666666672,0.6666666666666672,0.342997170285018,0.342997170285018,0.6666666666666672,0.6666666666666672,0.342997170285018,(undefined),0.6666666666666672,0.6666666666666672,0.342997170285018,(undefined),0.6666666666666672,0.6666666666666672,0.342997170285018,0.6666666666666672,0.6666666666666672,0.6666666666666672,0.6666666666666672,0.342997170285018,0.342997170285018
Qbw,2.2049999999999983,2.2049999999999983,4.285749642711291,2.2049999999999983,2.2049999999999983,2.2049999999999983,4.285749642711291,4.285749642711291,2.2049999999999983,2.2049999999999983,4.285749642711291,2.2049999999999983,2.2049999999999983,2.2049999999999983,4.285749642711291,4.285749642711291,2.2049999999999983,2.2049999999999983,4.285749642711291,2.2049999999999983,2.2049999999999983,2.2049999999999983,4.285749642711291,4.285749642711291,2.2049999999999983,2.2049999999999983,4.285749642711291,(undefined),2.2049999999999983,2.2049999999999983,4.285749642711291,(undefined),2.2049999999999983,2.2049999999999983,4.285749642711291,2.2049999999999983,2.2049999999999983,2.2049999999999983,2.2049999999999983,4.285749642711291,4.285749642711291
Max subband ratio,1.35,1.35,1.35,1.35,1.35,1.35,1.35,1.35,1.35,1.35,1.35,1.35,1.35,1.35,1.35,1.35,1.35,1.35,1.35,1.35,1.35,1.35,1.35,1.35,1.35,1.35,1.35,1.35,1.35,1.35,1.35,1.35,1.35,1.35,1.35,1.35,1.35,1.35,1.35,1.35,1.35
Number subbands,5.0,5.0,5.0,5.0,5.0,5.0,5.0,5.0,5.0,5.0,5.0,5.0,5.0,5.0,5.0,5.0,5.0,5.0,5.0,5.0,5.0,5.0,5.0,5.0,3.0,3.0,3.0,3.0,3.0,3.0,3.0,3.0,7.0,7.0,7.0,7.0,7.0,7.0,7.0,7.0,7.0
Station/antenna diameter,38,38,38,38,38,38,38,38,38,38,38,38,38,38,38,38,38,38,38,38,38,38,38,38,38,38,38,38,38,38,38,38,38,38,38,38,38,38,38,38,38
-- Time Coalescing --,,,,,,,,,,,,,,,,,,,,,,,,,,,,,,,,,,,,,,,,,
Ionospheric timescale [s],10.0,10.0,10.0,10.0,10.0,10.0,10.0,10.0,10.0,10.0,10.0,10.0,10.0,10.0,10.0,10.0,10.0,10.0,10.0,10.0,10.0,10.0,10.0,10.0,10.0,10.0,10.0,10.0,10.0,10.0,10.0,10.0,10.0,10.0,10.0,10.0,10.0,10.0,10.0,10.0,10.0
Coalesce time full0 [s],22.616572546983956,11.308286273491978,1.0,11.308286273491978,22.616572546983956,22.616572546983956,11.636130577741971,11.636130577741971,22.616572546983956,11.308286273491978,1.0,11.308286273491978,22.616572546983956,22.616572546983956,11.636130577741971,11.636130577741971,22.616572546983956,11.308286273491978,1.0,11.308286273491978,22.616572546983956,22.616572546983956,11.636130577741971,11.636130577741971,22.55814193346679,11.279070966733395,1.0,(undefined),22.55814193346679,11.279070966733395,1.0,(undefined),22.608338312707822,11.304169156353911,1.0,11.304169156353911,22.608338312707822,22.608338312707822,22.608338312707822,11.631894099157705,11.631894099157705
Coalesce time pred0 [s],(undefined),10.0,1.0,10.0,10.0,10.0,10.0,(undefined),(undefined),10.0,1.0,10.0,10.0,10.0,10.0,(undefined),(undefined),10.0,1.0,10.0,10.0,10.0,10.0,(undefined),(undefined),10.0,1.0,(undefined),(undefined),10.0,1.0,(undefined),(undefined),10.0,1.0,10.0,10.0,10.0,10.0,10.0,(undefined)
Coalesce time bw0 [s],(undefined),10.0,1.0,10.0,10.0,10.0,10.0,(undefined),(undefined),10.0,1.0,10.0,10.0,10.0,10.0,(undefined),(undefined),10.0,1.0,10.0,10.0,10.0,10.0,(undefined),(undefined),10.0,1.0,(undefined),(undefined),10.0,1.0,(undefined),(undefined),10.0,1.0,10.0,10.0,10.0,10.0,10.0,(undefined)
Combined samples full0,2.0,1.0,1.0,1.0,2.0,2.0,2.0,2.0,2.0,1.0,1.0,1.0,2.0,2.0,2.0,2.0,2.0,1.0,1.0,1.0,2.0,2.0,2.0,2.0,2.0,1.0,1.0,(undefined),2.0,1.0,1.0,(undefined),2.0,1.0,1.0,1.0,2.0,2.0,2.0,2.0,2.0
Combined samples facet0,(undefined),1.0,1.0,1.0,2.0,2.0,2.0,(undefined),(undefined),1.0,1.0,1.0,2.0,2.0,2.0,(undefined),(undefined),1.0,1.0,1.0,2.0,2.0,2.0,(undefined),(undefined),1.0,1.0,(undefined),(undefined),1.0,1.0,(undefined),(undefined),1.0,1.0,1.0,2.0,2.0,2.0,2.0,(undefined)
Kernel time pred0 [s],10.0,10.0,10.0,10.0,10.0,10.0,10.0,10.0,10.0,10.0,10.0,10.0,10.0,10.0,10.0,10.0,10.0,10.0,10.0,10.0,10.0,10.0,10.0,10.0,10.0,10.0,10.0,(undefined),10.0,10.0,10.0,(undefined),10.0,10.0,10.0,10.0,10.0,10.0,10.0,10.0,10.0
Kernel time backward0 [s],10.0,10.0,10.0,10.0,10.0,10.0,10.0,10.0,10.0,10.0,10.0,10.0,10.0,10.0,10.0,10.0,10.0,10.0,10.0,10.0,10.0,10.0,10.0,10.0,10.0,10.0,10.0,(undefined),10.0,10.0,10.0,(undefined),10.0,10.0,10.0,10.0,10.0,10.0,10.0,10.0,10.0
Visibilities kernel pred0,(undefined),5.947866659588948,32.55476508226232,5.94786665957634,2.9813539289909476,2.791938543091233,3.534746054470438,(undefined),(undefined),5.947866659588948,32.55476508226232,4.679633219274584,2.9813539289909476,2.791938543091233,3.534746054470438,(undefined),(undefined),5.947866659588948,32.55476508226232,4.679633219274584,2.9813539289909476,2.791938543091233,3.534746054470438,(undefined),(undefined),6.375768254719826,32.64426598801407,(undefined),(undefined),6.375768254719826,32.64426598801407,(undefined),(undefined),6.333474983901593,32.567468020591605,6.333474983864818,3.0373242520191184,3.0369906080715685,2.878123853716639,24.27289652318848,(undefined)
Visibilities kernel bw0,(undefined),5.947866659588948,32.55476508226232,5.94786665957634,2.9813539289909476,2.791938543091233,3.534746054470438,(undefined),(undefined),5.947866659588948,32.55476508226232,4.679633219274584,2.9813539289909476,2.791938543091233,3.534746054470438,(undefined),(undefined),5.947866659588948,32.55476508226232,4.679633219274584,2.9813539289909476,2.791938543091233,3.534746054470438,(undefined),(undefined),6.375768254719826,32.64426598801407,(undefined),(undefined),6.375768254719826,32.64426598801407,(undefined),(undefined),6.333474983901593,32.567468020591605,6.333474983864818,3.0373242520191184,3.0369906080715685,2.878123853716639,24.27289652318848,(undefined)
Oversampling used pred0,(undefined),5.722624016659047,25.671297738388773,5.7226240166474724,2.9354404715835685,2.753014091922232,3.4653068788351575,(undefined),(undefined),5.722624016659047,25.671297738388773,4.546972383754984,2.9354404715835685,2.753014091922232,3.4653068788351575,(undefined),(undefined),5.722624016659047,25.671297738388773,4.546972383754984,2.9354404715835685,2.753014091922232,3.4653068788351575,(undefined),(undefined),6.114020271845888,25.725283690424163,(undefined),(undefined),6.114020271845888,25.725283690424163,(undefined),(undefined),6.075452499877244,25.678964643980194,6.075452499843699,2.9892415404943193,2.988920968140306,2.8360868303760185,20.331594940575513,(undefined)
Oversampling used bw0,(undefined),5.722624016659047,25.671297738388773,5.7226240166474724,2.9354404715835685,2.753014091922232,3.4653068788351575,(undefined),(undefined),5.722624016659047,25.671297738388773,4.546972383754984,2.9354404715835685,2.753014091922232,3.4653068788351575,(undefined),(undefined),5.722624016659047,25.671297738388773,4.546972383754984,2.9354404715835685,2.753014091922232,3.4653068788351575,(undefined),(undefined),6.114020271845888,25.725283690424163,(undefined),(undefined),6.114020271845888,25.725283690424163,(undefined),(undefined),6.075452499877244,25.678964643980194,6.075452499843699,2.9892415404943193,2.988920968140306,2.8360868303760185,20.331594940575513,(undefined)
-- Channelization --,,,,,,,,,,,,,,,,,,,,,,,,,,,,,,,,,,,,,,,,,
"Channels predict, no-smear0",(undefined),1648.215074483811,1186.6956875807953,1648.215074483811,610.88622741501,610.88622741501,1186.6956875807953,(undefined),(undefined),1648.215074483811,1186.6956875807953,1099.0410177748508,610.88622741501,610.88622741501,1186.6956875807953,(undefined),(undefined),1648.215074483811,1186.6956875807953,1099.0410177748508,610.88622741501,610.88622741501,1186.6956875807953,(undefined),(undefined),1009.991056768289,727.1815092638062,(undefined),(undefined),1009.991056768289,727.1815092638062,(undefined),(undefined),2314.4046245197887,1666.3443177517802,2314.4046245197887,857.7991819532908,857.7991819532908,857.7991819532908,1666.3443177517802,(undefined)
"Channels backward, no-smear0",(undefined),1648.215074483811,1186.6956875807953,1648.215074483811,610.88622741501,610.88622741501,1186.6956875807953,(undefined),(undefined),1648.215074483811,1186.6956875807953,1099.0410177748508,610.88622741501,610.88622741501,1186.6956875807953,(undefined),(undefined),1648.215074483811,1186.6956875807953,1099.0410177748508,610.88622741501,610.88622741501,1186.6956875807953,(undefined),(undefined),1009.991056768289,727.1815092638062,(undefined),(undefined),1009.991056768289,727.1815092638062,(undefined),(undefined),2314.4046245197887,1666.3443177517802,2314.4046245197887,857.7991819532908,857.7991819532908,857.7991819532908,1666.3443177517802,(undefined)
Frequencies predict ifft,16384.0,200.0,40.0,200.0,200,200.0,200.0,16384.0,16384.0,200.0,40.0,200.0,200,200.0,200.0,16384.0,16384.0,200.0,40.0,200.0,200,200.0,200.0,16384.0,16384.0,200.0,40.0,(undefined),16384.0,200.0,40.0,(undefined),16384.0,200.0,40.0,200.0,200,200.0,200.0,200.0,16384.0
Frequencies predict kernels0,(undefined),277.11029328921063,364.52288461678205,277.11029328979805,204.90228331319494,218.8036083124656,424.3586319596937,(undefined),(undefined),277.11029328921063,364.52288461678205,234.8562304515864,204.90228331319494,218.8036083124656,424.3586319596937,(undefined),(undefined),277.11029328921063,364.52288461678205,234.8562304515864,204.90228331319494,218.8036083124656,424.3586319596937,(undefined),(undefined),158.41087950783302,222.75933835694266,(undefined),(undefined),158.41087950783302,222.75933835694266,(undefined),(undefined),365.4241361026191,511.6591552951528,365.42413610474097,282.41936348516384,282.4503900912546,298.04109397362436,674.9915480564082,(undefined)
Frequencies predict de-grid0,16384.0,1648.215074483811,1186.6956875807953,1648.215074483811,610.88622741501,610.88622741501,1500.0,(undefined),16384.0,1648.215074483811,1186.6956875807953,1099.0410177748508,610.88622741501,610.88622741501,1500.0,(undefined),16384.0,1648.215074483811,1186.6956875807953,1099.0410177748508,610.88622741501,610.88622741501,1500.0,(undefined),16384.0,1009.991056768289,727.1815092638062,(undefined),16384.0,1009.991056768289,727.1815092638062,(undefined),16384.0,2314.4046245197887,1666.3443177517802,2314.4046245197887,857.7991819532908,857.7991819532908,857.7991819532908,16384.0,16384.0
Frequencies total0,16384.0,1648.2150744838107,1186.6956875807953,1648.2150744838107,610.88622741501,610.88622741501,1500.0,8192.0,16384.0,1648.2150744838107,1186.6956875807953,1099.0410177748508,610.88622741501,610.88622741501,1500.0,8192.0,16384.0,1648.2150744838107,1186.6956875807953,1099.0410177748508,610.88622741501,610.88622741501,1500.0,8192.0,16384.0,1009.9910567682889,727.1815092638062,(undefined),16384.0,1009.9910567682889,727.1815092638062,(undefined),16384.0,2314.4046245197887,1666.3443177517802,2314.4046245197887,857.7991819532908,857.7991819532908,857.7991819532908,16384.0,16384.0
Frequencies backward kernels0,(undefined),277.11029328921063,364.52288461678205,277.11029328979805,204.90228331319494,218.8036083124656,424.3586319596937,(undefined),(undefined),277.11029328921063,364.52288461678205,234.8562304515864,204.90228331319494,218.8036083124656,424.3586319596937,(undefined),(undefined),277.11029328921063,364.52288461678205,234.8562304515864,204.90228331319494,218.8036083124656,424.3586319596937,(undefined),(undefined),158.41087950783302,222.75933835694266,(undefined),(undefined),158.41087950783302,222.75933835694266,(undefined),(undefined),365.4241361026191,511.6591552951528,365.42413610474097,282.41936348516384,282.4503900912546,298.04109397362436,674.9915480564082,(undefined)
Frequencies backward grid0,16384.0,1648.215074483811,1186.6956875807953,1648.215074483811,610.88622741501,610.88622741501,1500.0,(undefined),16384.0,1648.215074483811,1186.6956875807953,1099.0410177748508,610.88622741501,610.88622741501,1500.0,(undefined),16384.0,1648.215074483811,1186.6956875807953,1099.0410177748508,610.88622741501,610.88622741501,1500.0,(undefined),16384.0,1009.991056768289,727.1815092638062,(undefined),16384.0,1009.991056768289,727.1815092638062,(undefined),16384.0,2314.4046245197887,1666.3443177517802,2314.4046245197887,857.7991819532908,857.7991819532908,857.7991819532908,16384.0,16384.0
Frequencies backward fft,65536,40,40,40,200,500,1500,8192,65536,40,40,40,200,500,1500,8192,65536,40,40,40,200,500,1500,8192,65536,40,40,(undefined),65536,40,40,(undefined),65536,40,40,40,200,40,500,65536,16384
Channels out,65536,40,40,40,40,500,1500,8192,65536,40,40,40,40,500,1500,8192,65536,40,40,40,40,500,1500,8192,65536,40,40,128,65536,40,40,4096,65536,40,40,40,40,40,500,65536,16384
-- Visibility --,,,,,,,,,,,,,,,,,,,,,,,,,,,,,,,,,,,,,,,,,
Ingest rate [M/s],0.3790931859289438,0.3790931859289438,4.286894270814618,0.3790931859289438,0.3790931859289438,0.3790931859289438,0.7368247102717721,0.7368247102717721,0.3790931859289438,0.3790931859289438,4.286894270814618,0.3790931859289438,0.3790931859289438,0.3790931859289438,0.7368247102717721,0.7368247102717721,0.3790931859289438,0.3790931859289438,4.286894270814618,0.3790931859289438,0.3790931859289438,0.3790931859289438,0.7368247102717721,0.7368247102717721,0.38007512174171326,0.38007512174171326,4.286894270814618,(undefined),0.38007512174171326,0.38007512174171326,4.286894270814618,(undefined),0.3792312563197107,0.3792312563197107,4.286894270814618,0.3792312563197107,0.3792312563197107,0.3792312563197107,0.3792312563197107,0.7370930708739935,0.7370930708739935
Averaged rate0 [M/s],0.3327300158322514,0.03347232835863976,0.2725261618432718,0.03347232835863976,0.012406017097137489,0.012406017097137489,0.059208151742217184,0.32335545271482874,0.3327300158322514,0.03347232835863976,0.2725261618432718,0.02231957612576415,0.012406017097137489,0.012406017097137489,0.059208151742217184,0.32335545271482874,0.3327300158322514,0.03347232835863976,0.2725261618432718,0.02231957612576415,0.012406017097137489,0.012406017097137489,0.059208151742217184,0.32335545271482874,0.33359186070484764,0.020564257563634575,0.1669981510483664,(undefined),0.33359186070484764,0.020564257563634575,0.1669981510483664,(undefined),0.33285120018747333,0.047018576476492324,0.38267807490900596,0.047018576476492324,0.01742672651568516,0.01742672651568516,0.01742672651568516,0.6469464454782266,0.6469464454782266
Predict rate0 [M/s],(undefined),0.03785146713198223,0.2725261618432718,0.03785146713198223,0.014029079284826666,0.014029079284826666,0.03444768924696,(undefined),(undefined),0.03785146713198223,0.2725261618432718,0.0252396156333138,0.014029079284826666,0.014029079284826666,0.03444768924696,(undefined),(undefined),0.03785146713198223,0.2725261618432718,0.0252396156333138,0.014029079284826666,0.014029079284826666,0.03444768924696,(undefined),(undefined),0.023194572043841837,0.1669981510483664,(undefined),(undefined),0.023194572043841837,0.1669981510483664,(undefined),(undefined),0.053150594198123215,0.38267807490900596,0.053150594198123215,0.019699466437482306,0.019699466437482306,0.019699466437482306,0.37626062708146174,(undefined)
Backward rate0 [M/s],(undefined),0.03785146713198223,0.2725261618432718,0.03785146713198223,0.014029079284826666,0.014029079284826666,0.03444768924696,(undefined),(undefined),0.03785146713198223,0.2725261618432718,0.0252396156333138,0.014029079284826666,0.014029079284826666,0.03444768924696,(undefined),(undefined),0.03785146713198223,0.2725261618432718,0.0252396156333138,0.014029079284826666,0.014029079284826666,0.03444768924696,(undefined),(undefined),0.023194572043841837,0.1669981510483664,(undefined),(undefined),0.023194572043841837,0.1669981510483664,(undefined),(undefined),0.053150594198123215,0.38267807490900596,0.053150594198123215,0.019699466437482306,0.019699466437482306,0.019699466437482306,0.37626062708146174,(undefined)
-- Kernel Sizes --,,,,,,,,,,,,,,,,,,,,,,,,,,,,,,,,,,,,,,,,,
Delta W earth0 [lambda],0.08631221653969713,0.08631221653969713,0.08631221653969713,0.08631221653969713,0.08631221653969713,0.08631221653969713,0.08631221653969713,0.08631221653969713,0.08631221653969713,0.08631221653969713,0.08631221653969713,0.08631221653969713,0.08631221653969713,0.08631221653969713,0.08631221653969713,0.08631221653969713,0.08631221653969713,0.08631221653969713,0.08631221653969713,0.08631221653969713,0.08631221653969713,0.08631221653969713,0.08631221653969713,0.08631221653969713,0.22656956841670498,0.22656956841670498,0.22656956841670498,(undefined),0.22656956841670498,0.22656956841670498,0.22656956841670498,(undefined),0.09440398684029373,0.09440398684029373,0.09440398684029373,0.09440398684029373,0.09440398684029373,0.09440398684029373,0.09440398684029373,0.09440398684029373,0.09440398684029373
Delta W snapshot0 [lambda],23.70821469784657,23.70821469784657,0.039526300773377786,23.70821469784657,23.70821469784657,23.70821469784657,23.70821469784657,23.70821469784657,23.70821469784657,23.70821469784657,0.039526300773377786,23.70821469784657,23.70821469784657,23.70821469784657,23.70821469784657,23.70821469784657,23.70821469784657,23.70821469784657,0.039526300773377786,23.70821469784657,23.70821469784657,23.70821469784657,23.70821469784657,23.70821469784657,62.234063581847245,62.234063581847245,0.10375653953011668,(undefined),62.234063581847245,62.234063581847245,0.10375653953011668,(undefined),25.930859825769687,25.930859825769687,0.04323189147088195,25.930859825769687,25.930859825769687,25.930859825769687,25.930859825769687,25.930859825769687,25.930859825769687
Delta W max0 [lambda],23.70821469784657,23.70821469784657,0.08631221653969713,23.70821469784657,23.70821469784657,23.70821469784657,23.70821469784657,23.70821469784657,23.70821469784657,23.70821469784657,0.08631221653969713,23.70821469784657,23.70821469784657,23.70821469784657,23.70821469784657,23.70821469784657,23.70821469784657,23.70821469784657,0.08631221653969713,23.70821469784657,23.70821469784657,23.70821469784657,23.70821469784657,23.70821469784657,62.234063581847245,62.234063581847245,0.22656956841670498,(undefined),62.234063581847245,62.234063581847245,0.22656956841670498,(undefined),25.930859825769687,25.930859825769687,0.09440398684029373,25.930859825769687,25.930859825769687,25.930859825769687,25.930859825769687,25.930859825769687,25.930859825769687
Delta W stack [lambda],(undefined),2.3318386213730418,0.1,2.3318386213851765,5.065006547693765,7.701802367979972,7.67744855637635,(undefined),(undefined),2.3318386213730418,0.1,3.218613224883512,5.065006547693765,7.701802367979972,7.67744855637635,(undefined),(undefined),2.3318386213730418,0.1,3.218613224883512,5.065006547693765,7.701802367979972,7.67744855637635,(undefined),(undefined),13.421643195403723,0.22656453798091633,(undefined),(undefined),13.421643195403723,0.22656453798091633,(undefined),(undefined),2.3695673110343525,0.1,2.369567311072594,5.113708994368264,5.119526139618222,7.794641048760869,14.935444144533292,(undefined)
Delta W theory [lambda],(undefined),1.0,12.587303150687525,1.0,12.587303150687525,12.587303150687525,12.587303150687525,(undefined),(undefined),1.0,12.587303150687525,3.4612509132075626,12.587303150687525,12.587303150687525,12.587303150687525,(undefined),(undefined),1.0,12.587303150687525,3.4612509132075626,12.587303150687525,12.587303150687525,12.587303150687525,(undefined),(undefined),11.803825775723876,89.35330487828081,(undefined),(undefined),11.803825775723876,89.35330487828081,(undefined),(undefined),1.3581201072478302,15.152462172657435,1.3581201072478302,15.152462172657435,15.152462172657435,15.152462172657435,15.152462172657435,(undefined)
-- Kernel Sizes --,,,,,,,,,,,,,,,,,,,,,,,,,,,,,,,,,,,,,,,,,
W kernel support pred0 [uv-pixels],(undefined),9.782674956920777,0.18455205923435844,9.782674956959184,3.929462086439538,5.386805931342143,5.3739751074520745,(undefined),(undefined),9.782674956920777,0.18455205923435844,6.768145671211837,3.929462086439538,5.386805931342143,5.3739751074520745,(undefined),(undefined),9.782674956920777,0.18455205923435844,6.768145671211837,3.929462086439538,5.386805931342143,5.3739751074520745,(undefined),(undefined),8.57451762255608,0.08981409127053162,(undefined),(undefined),8.57451762255608,0.08981409127053162,(undefined),(undefined),8.654615118311536,0.17264561380323334,8.654615118416856,3.4605098079566634,3.4634705461814095,4.752124203649442,7.755621767043986,(undefined)
AW kernel support pred0 [uv-pixels],(undefined),13.292882656247475,9.001891993496013,13.29288265627574,9.820421186933164,10.488931220193164,10.482347468745466,(undefined),(undefined),13.292882656247475,9.001891993496013,11.26089675943899,9.820421186933164,10.488931220193164,10.482347468745466,(undefined),(undefined),13.292882656247475,9.001891993496013,11.26089675943899,9.820421186933164,10.488931220193164,10.482347468745466,(undefined),(undefined),12.430702009923847,9.000448131676041,(undefined),(undefined),12.430702009923847,9.000448131676041,(undefined),(undefined),12.48608677072631,9.001655764800468,12.486086770799314,9.642361128425145,9.643424092316284,10.17755788226777,11.880642617023982,(undefined)
W kernel support bw0 [uv-pixels],(undefined),9.782674956920777,0.18455205923435844,9.782674956959184,3.929462086439538,5.386805931342143,5.3739751074520745,(undefined),(undefined),9.782674956920777,0.18455205923435844,6.768145671211837,3.929462086439538,5.386805931342143,5.3739751074520745,(undefined),(undefined),9.782674956920777,0.18455205923435844,6.768145671211837,3.929462086439538,5.386805931342143,5.3739751074520745,(undefined),(undefined),8.57451762255608,0.08981409127053162,(undefined),(undefined),8.57451762255608,0.08981409127053162,(undefined),(undefined),8.654615118311536,0.17264561380323334,8.654615118416856,3.4605098079566634,3.4634705461814095,4.752124203649442,7.755621767043986,(undefined)
AW kernel support bw0 [uv-pixels],(undefined),13.292882656247475,9.001891993496013,13.29288265627574,9.820421186933164,10.488931220193164,10.482347468745466,(undefined),(undefined),13.292882656247475,9.001891993496013,11.26089675943899,9.820421186933164,10.488931220193164,10.482347468745466,(undefined),(undefined),13.292882656247475,9.001891993496013,11.26089675943899,9.820421186933164,10.488931220193164,10.482347468745466,(undefined),(undefined),12.430702009923847,9.000448131676041,(undefined),(undefined),12.430702009923847,9.000448131676041,(undefined),(undefined),12.48608677072631,9.001655764800468,12.486086770799314,9.642361128425145,9.643424092316284,10.17755788226777,11.880642617023982,(undefined)
-- Data --,,,,,,,,,,,,,,,,,,,,,,,,,,,,,,,,,,,,,,,,,
Snapshot vis size0 [GB],0.00014621924523878238,0.024100076418220626,0.00016351569710596308,0.024100076418220626,0.0008932332309938995,0.0007145865847951195,0.0011367965134505699,0.00113679651345057,0.00014621924523878238,0.024100076418220626,0.00016351569710596308,0.016070094810550186,0.0008932332309938995,0.0007145865847951195,0.0011367965134505699,0.00113679651345057,0.00014621924523878238,0.024100076418220626,0.00016351569710596308,0.016070094810550186,0.0008932332309938995,0.0007145865847951195,0.0011367965134505699,0.00113679651345057,0.00014659798566131002,0.014806265445816895,0.00010019889062901985,(undefined),0.00014659798566131002,0.014806265445816895,0.00010019889062901985,(undefined),0.00014627250008238576,0.03385337506307449,0.0002296068449454036,0.03385337506307449,0.001254724309129332,0.00627362154564666,0.0010037794473034655,0.0002843026371730488,0.0011372105486921952
Facet size [GB],(undefined),0.07666133025518523,0.0037857447039597652,0.07666133025518523,0.010515957510999346,0.010515957510999346,0.010515957510999346,(undefined),(undefined),0.07666133025518523,0.0037857447039597652,0.034071702335637874,0.010515957510999346,0.010515957510999346,0.010515957510999346,(undefined),(undefined),0.07666133025518523,0.0037857447039597652,0.034071702335637874,0.010515957510999346,0.010515957510999346,0.010515957510999346,(undefined),(undefined),0.07745870133116228,0.0038251210533907297,(undefined),(undefined),0.07745870133116228,0.0038251210533907297,(undefined),(undefined),0.07677307527426595,0.0037912629765069583,0.07677307527426595,0.010531286045852666,0.010531286045852666,0.010531286045852666,0.010531286045852666,(undefined)
Image size [GB],0.010515957510999348,0.07666133025518525,0.0037857447039597644,0.07666133025518525,0.010515957510999348,0.010515957510999348,0.010515957510999348,0.010515957510999348,0.010515957510999348,0.07666133025518525,0.0037857447039597644,0.03407170233563788,0.010515957510999348,0.010515957510999348,0.010515957510999348,0.010515957510999348,0.010515957510999348,0.07666133025518525,0.0037857447039597644,0.03407170233563788,0.010515957510999348,0.010515957510999348,0.010515957510999348,0.010515957510999348,0.010625336259418689,0.07745870133116227,0.003825121053390729,(undefined),0.010625336259418689,0.07745870133116227,0.003825121053390729,(undefined),0.010531286045852666,0.07677307527426591,0.0037912629765069596,0.07677307527426591,0.010531286045852666,0.010531286045852666,0.010531286045852666,0.010531286045852666,0.010531286045852666
Image cube size [GB],5513.390331526826,24.53162568165928,0.6057191526335624,24.53162568165928,1.6825532017598959,42.06383004399739,126.19149013199217,689.1737914408533,5513.390331526826,24.53162568165928,0.6057191526335624,10.90294474740412,1.6825532017598959,42.06383004399739,126.19149013199217,689.1737914408533,5513.390331526826,24.53162568165928,0.6057191526335624,10.90294474740412,1.6825532017598959,42.06383004399739,126.19149013199217,689.1737914408533,2785.3681483890527,12.393392212985963,0.3060096842712583,(undefined),2785.3681483890527,12.393392212985963,0.3060096842712583,(undefined),2760.7134492040013,12.283692043882546,0.30330103812055675,12.283692043882546,0.8425028836682134,0.8425028836682134,21.062572091705334,2760.7134492040013,690.1783623010003
Calibration output [GB],0.0,0.147456,0.0,0.7424,0.0,0.0,0.0,0.0,0.0,0.147456,0.0,0.7424,0.0,0.0,0.0,0.0,0.0,0.147456,0.0,0.7424,0.0,0.0,0.0,0.0,0.0,0.0196608,0.0,(undefined),0.0,0.0196608,0.0,(undefined),0.0,0.1769472,0.0,1.2447744,0.0,0.0,0.0,0.0,0.0
Calibration process interval [s],600,10,600,600,600,600,600,600,600,10,600,600,600,600,600,600,600,10,600,600,600,600,600,600,600,10,600,600,600,10,600,600,600,10,600,600,600,600,600,600,600
Calibration process in [MB],0.0,0.1763721689444352,0.0,55.116302795136,0.0,0.0,0.0,0.0,0.0,0.1763721689444352,0.0,55.116302795136,0.0,0.0,0.0,0.0,0.0,0.1763721689444352,0.0,55.116302795136,0.0,0.0,0.0,0.0,0.0,0.293953614907392,0.0,(undefined),0.0,0.293953614907392,0.0,(undefined),0.0,0.12598012067459657,0.0,54.48640219176302,0.0,0.0,0.0,0.0,0.0
Calibration process out [MB],0.0,0.016384,0.0,5.12,0.0,0.0,0.0,0.0,0.0,0.016384,0.0,5.12,0.0,0.0,0.0,0.0,0.0,0.016384,0.0,5.12,0.0,0.0,0.0,0.0,0.0,0.027306666666666667,0.0,(undefined),0.0,0.027306666666666667,0.0,(undefined),0.0,0.011702857142857143,0.0,5.061485714285714,0.0,0.0,0.0,0.0,0.0
Cleaning memory [PetaBytes],(undefined),(undefined),(undefined),2.4914932332935202e-05,3.4176861910747882e-06,0.0003417686191074788,0.0010253058573224364,(undefined),(undefined),(undefined),(undefined),1.107330325908231e-05,3.4176861910747882e-06,0.0003417686191074788,0.0010253058573224364,(undefined),(undefined),(undefined),(undefined),1.107330325908231e-05,3.4176861910747882e-06,0.0003417686191074788,0.0010253058573224364,(undefined),(undefined),(undefined),(undefined),(undefined),(undefined),(undefined),(undefined),(undefined),(undefined),(undefined),(undefined),3.493174924979101e-05,4.791735150862964e-06,4.791735150862964e-06,0.00034226679649021165,0.044861593549565024,(undefined)
Working (cache) memory [TeraBytes],(undefined),7.66942517663367e-05,5.149281446521983e-10,7.669425176723997e-05,4.970376097615273e-06,1.2805128251702902e-05,1.2713844486381366e-05,(undefined),(undefined),7.66942517663367e-05,5.149281446521983e-10,2.539797176586485e-05,4.970376097615273e-06,1.2805128251702902e-05,1.2713844486381366e-05,(undefined),(undefined),7.66942517663367e-05,5.149281446521983e-10,2.539797176586485e-05,4.970376097615273e-06,1.2805128251702902e-05,1.2713844486381366e-05,(undefined),(undefined),1.5493170138709388e-05,1.7805109080970873e-11,(undefined),(undefined),1.5493170138709388e-05,1.7805109080970873e-11,(undefined),(undefined),3.7173312333383215e-05,2.950900944178148e-10,3.717331233474034e-05,2.3763381325101208e-06,2.3824427848811925e-06,6.153912724724119e-06,2.6750866021437017e-05,(undefined)
-- I/O --,,,,,,,,,,,,,,,,,,,,,,,,,,,,,,,,,,,,,,,,,
Input Buffer Size [PetaBytes],0.0006550730252852148,0.0006550730252852148,0.0037038766499838303,0.0006550730252852148,0.0003275365126426074,0.0006550730252852148,0.0012732330993496224,0.0012732330993496224,0.0006550730252852148,0.0006550730252852148,0.0037038766499838303,0.0006550730252852148,0.0003275365126426074,0.0006550730252852148,0.0012732330993496224,0.0012732330993496224,0.0006550730252852148,0.0006550730252852148,0.0037038766499838303,0.0006550730252852148,0.0003275365126426074,0.0006550730252852148,0.0012732330993496224,0.0012732330993496224,4.378465402464537e-05,4.378465402464537e-05,0.00024692510999892197,0.002102152,4.378465402464537e-05,4.378465402464537e-05,0.00024692510999892197,0.00077309411328,0.000393186966552276,0.000393186966552276,0.002222325989990298,0.000393186966552276,0.000196593483276138,0.000196593483276138,0.000393186966552276,0.0007642180958821564,0.0007642180958821564
Total buffer ingest rate [TeraBytes/s],3.63929458491786e-05,3.63929458491786e-05,0.00020577092499910168,3.63929458491786e-05,1.81964729245893e-05,3.63929458491786e-05,7.073517218609013e-05,7.073517218609013e-05,3.63929458491786e-05,3.63929458491786e-05,0.00020577092499910168,3.63929458491786e-05,1.81964729245893e-05,3.63929458491786e-05,7.073517218609013e-05,7.073517218609013e-05,3.63929458491786e-05,3.63929458491786e-05,0.00020577092499910168,3.63929458491786e-05,1.81964729245893e-05,3.63929458491786e-05,7.073517218609013e-05,7.073517218609013e-05,1.8243605843602236e-05,1.8243605843602236e-05,0.00010288546249955084,(undefined),1.8243605843602236e-05,1.8243605843602236e-05,0.00010288546249955084,(undefined),1.8203100303346112e-05,1.8203100303346112e-05,0.00010288546249955084,1.8203100303346112e-05,9.101550151673056e-06,9.101550151673056e-06,1.8203100303346112e-05,3.5380467401951687e-05,3.5380467401951687e-05
Output size [TB],0.0,0.0,0.0,0.0,0.00037100298098805695,0.01855014904940285,0.05565044714820854,0.3612102019982033,0.0,0.0,0.0,0.0,0.00037100298098805695,0.01855014904940285,0.05565044714820854,0.3612102019982033,0.0,0.0,0.0,0.0,0.00037100298098805695,0.01855014904940285,0.05565044714820854,0.3612102019982033,0.0,0.0,0.0,0.2147152,0.0,0.0,0.0,0.77309411328,0.0,0.0,0.0,0.0,0.0002600806401883774,0.0002600806401883774,0.009288594292442049,1.2174746310989644,0.4334522423978439
Buffer Read Rate [TeraBytes/s],3.194208151989613e-05,6.426687044858834e-06,2.616251153695409e-05,3.213343522429417e-05,7.145865847951194e-06,1.4291731695902388e-05,6.820779080703419e-05,0.00037250548152748274,3.194208151989613e-05,6.426687044858834e-06,2.616251153695409e-05,2.1426793080733584e-05,7.145865847951194e-06,1.4291731695902388e-05,6.820779080703419e-05,0.00037250548152748274,3.194208151989613e-05,6.426687044858834e-06,2.616251153695409e-05,2.1426793080733584e-05,7.145865847951194e-06,1.4291731695902388e-05,6.820779080703419e-05,0.00037250548152748274,1.601240931383269e-05,1.9741687261089195e-06,8.015911250321588e-06,0.0008758966666666667,1.601240931383269e-05,1.9741687261089195e-06,8.015911250321588e-06,0.0003221225472,1.5976857608998724e-05,4.513783341743263e-06,1.8368547595632285e-05,2.2568916708716316e-05,5.018897236517326e-06,5.018897236517326e-06,1.0037794473034653e-05,0.0003726411525954585,0.0003726411525954585
Facet visibility rate [TeraBytes/s],0.0,3.633740844670295e-06,1.3081255768477045e-05,3.270366760203265e-05,7.407353862388482e-06,1.4814707724776963e-05,3.637675984478977e-05,(undefined),0.0,3.633740844670295e-06,1.3081255768477045e-05,2.180702790718313e-05,7.407353862388482e-06,1.4814707724776963e-05,3.637675984478977e-05,(undefined),0.0,3.633740844670295e-06,1.3081255768477045e-05,2.180702790718313e-05,7.407353862388482e-06,1.4814707724776963e-05,3.637675984478977e-05,(undefined),0.0,1.1133394581044084e-06,4.007955625160794e-06,(undefined),0.0,1.1133394581044084e-06,4.007955625160794e-06,(undefined),0.0,2.5512285215099145e-06,9.184273797816143e-06,2.296105669358923e-05,5.20065913949533e-06,5.20065913949533e-06,1.040131827899066e-05,0.00019866561109901183,(undefined)
Image Write Rate [TeraBytes/s],0.0,4.0886042802765456e-05,0.0006057191526335625,0.0003679743852248892,0.0001542340434946571,0.0007711702174732854,0.002313510652419856,(undefined),0.0,4.0886042802765456e-05,0.0006057191526335625,0.0001635441712110618,0.0001542340434946571,0.0007711702174732854,0.002313510652419856,(undefined),0.0,4.0886042802765456e-05,0.0006057191526335625,0.0001635441712110618,0.0001542340434946571,0.0007711702174732854,0.002313510652419856,(undefined),0.0,2.0655653688309945e-05,0.00030600968427125835,(undefined),0.0,2.0655653688309945e-05,0.00030600968427125835,(undefined),0.0,2.0472820073137588e-05,0.00030330103812055664,0.00018425538065823833,7.722943100291955e-05,1.5445886200583913e-05,0.00038614715501459777,0.050613079902073366,(undefined)
-- Compute --,,,,,,,,,,,,,,,,,,,,,,,,,,,,,,,,,,,,,,,,,
Total Compute Requirement [PetaFLOP/s],5.037381929029551e-05,5.0841856958339804e-05,0.00011183699336838858,0.0008786774804620961,0.0001262804191569685,0.005252426179557381,0.015805954559559042,3.5256091720403214e-05,5.037381929029551e-05,5.0841856958339804e-05,0.00011183699336838858,0.000628544188321216,0.0001262804191569685,0.005252426179557381,0.015805954559559042,3.5256091720403214e-05,5.037381929029551e-05,5.0841856958339804e-05,0.00011183699336838858,0.000628544188321216,0.0001262804191569685,0.005252426179557381,0.015805954559559042,3.5256091720403214e-05,2.525183553427885e-05,1.3681323625558967e-05,3.568594504775171e-05,0.00050088,2.525183553427885e-05,1.3681323625558967e-05,3.568594504775171e-05,2.755e-07,2.5196038900610944e-05,3.062733091435095e-05,7.708283426090097e-05,0.0005214872037069735,8.220810424390772e-05,6.896451013773898e-05,0.0022168379390032876,0.2830140740595266,3.5268932421691e-05
-> DFT [PetaFLOP/s],,1.2071564421026569e-05,9.828468112099563e-05,0.00010864407978923914,4.9215589752535506e-05,4.9215589752535506e-05,0.0002348831283509344,,,1.2071564421026569e-05,9.828468112099563e-05,7.244461106762575e-05,4.9215589752535506e-05,4.9215589752535506e-05,0.0002348831283509344,,,1.2071564421026569e-05,9.828468112099563e-05,7.244461106762575e-05,4.9215589752535506e-05,4.9215589752535506e-05,0.0002348831283509344,,,3.7081788468701214e-06,3.0113365837192145e-05,,,3.7081788468701214e-06,3.0113365837192145e-05,,,8.478462699689038e-06,6.900510451920985e-05,7.630616429720134e-05,3.456655815521517e-05,3.456655815521517e-05,3.456655815521517e-05,0.001283242260719763,
-> Subtract Visibility [PetaFLOP/s],,5.355572537382361e-10,2.180209294746174e-09,4.820015283644125e-09,1.0917295045480991e-09,2.1834590090961982e-09,1.0420634706630224e-08,,,5.355572537382361e-10,2.180209294746174e-09,3.214018962110038e-09,1.0917295045480991e-09,2.1834590090961982e-09,1.0420634706630224e-08,,,5.355572537382361e-10,2.180209294746174e-09,3.214018962110038e-09,1.0917295045480991e-09,2.1834590090961982e-09,1.0420634706630224e-08,,,1.645140605090766e-10,6.679926041934656e-10,,,1.645140605090766e-10,6.679926041934656e-10,,,3.761486118119387e-10,1.5307122996360239e-09,3.3853375063074485e-09,7.667759666901472e-10,7.667759666901472e-10,1.5335519333802943e-09,5.693128720208394e-08,
-> Flag [PetaFLOP/s],8.431032455059709e-07,7.471023689648393e-08,3.041391966170913e-07,6.723921320683554e-07,1.5229626588445982e-07,3.0459253176891965e-07,1.4536785415749163e-06,7.939023075054477e-06,8.431032455059709e-07,7.471023689648393e-08,3.041391966170913e-07,4.4835564521435027e-07,1.5229626588445982e-07,3.0459253176891965e-07,1.4536785415749163e-06,7.939023075054477e-06,8.431032455059709e-07,7.471023689648393e-08,3.041391966170913e-07,4.4835564521435027e-07,1.5229626588445982e-07,3.0459253176891965e-07,1.4536785415749163e-06,7.939023075054477e-06,4.226435353767852e-07,2.294971144101619e-08,9.318496828498844e-08,,4.226435353767852e-07,2.294971144101619e-08,9.318496828498844e-08,,4.217051570275183e-07,5.2472731347765443e-08,2.1353436579922533e-07,4.72254582129889e-07,1.0696524735327553e-07,1.0696524735327553e-07,2.1393049470655105e-07,7.941914564690709e-06,7.941914564690709e-06
-> Degrid [PetaFLOP/s],,1.7122257530315291e-06,7.066848385252164e-07,1.5410031777349296e-05,9.524935818260412e-06,4.346345989950579e-06,1.0658837676335422e-05,,,1.7122257530315291e-06,7.066848385252164e-07,7.374136379845803e-06,9.524935818260412e-06,4.346345989950579e-06,1.0658837676335422e-05,,,1.7122257530315291e-06,7.066848385252164e-07,7.374136379845803e-06,9.524935818260412e-06,4.346345989950579e-06,1.0658837676335422e-05,,,4.58762219072815e-07,2.16451157397735e-07,,,4.58762219072815e-07,2.16451157397735e-07,,,1.0606468124367326e-06,4.961332858354797e-07,9.545821312042217e-06,6.447092664800648e-06,1.2897028369537058e-06,2.8730572509988676e-06,7.477756065868343e-05,
-> Image Spectral Fitting [PetaFLOP/s],,,,,,,,,,,,,,,,,,,,,,,,,,,,,,,,,,,,,,3.2178929584549816e-09,,,
-> Visibility Weighting [PetaFLOP/s],,4.844987792893725e-09,1.7441674357969392e-08,4.3604890136043534e-08,9.876471816517975e-09,1.975294363303595e-08,4.8502346459719685e-08,,,4.844987792893725e-09,1.7441674357969392e-08,2.90760372095775e-08,9.876471816517975e-09,1.975294363303595e-08,4.8502346459719685e-08,,,4.844987792893725e-09,1.7441674357969392e-08,2.90760372095775e-08,9.876471816517975e-09,1.975294363303595e-08,4.8502346459719685e-08,,,1.4844526108058776e-09,5.343940833547725e-09,,,1.4844526108058776e-09,5.343940833547725e-09,,,3.401638028679886e-09,1.2245698397088191e-08,3.0614742258118974e-08,6.934212185993773e-09,6.934212185993773e-09,1.3868424371987545e-08,2.648874814653491e-07,
-> Subtract Image Component [PetaFLOP/s],,,,0.00033570818,2.0515499888888888e-05,0.004103099977777778,0.012309299933333333,,,,,0.00033570818,2.0515499888888888e-05,0.004103099977777778,0.012309299933333333,,,,,0.00033570818,2.0515499888888888e-05,0.004103099977777778,0.012309299933333333,,,,,,,,,,,,,0.00019582977166666667,1.1967374935185184e-05,1.1967374935185184e-05,0.0017096249907407406,0.22408396678637038,
-> Demix [PetaFLOP/s],4.949409671627387e-05,,,,,,,,4.949409671627387e-05,,,,,,,,4.949409671627387e-05,,,,,,,,2.4810834908534447e-05,,,,2.4810834908534447e-05,,,,2.475601741072116e-05,,,,,,,,
-> FFT [PetaFLOP/s],,3.012753383100471e-06,3.5684705359384775e-06,2.7114780447763133e-05,4.585668650589151e-06,1.507857552756181e-05,4.537921987409052e-05,,,3.012753383100471e-06,3.5684705359384775e-06,8.290358373237004e-06,4.585668650589151e-06,1.507857552756181e-05,4.537921987409052e-05,,,3.012753383100471e-06,3.5684705359384775e-06,8.290358373237004e-06,4.585668650589151e-06,1.507857552756181e-05,4.537921987409052e-05,,,6.945907810995446e-07,1.804261106222389e-06,,,6.945907810995446e-07,1.804261106222389e-06,,,1.6238766230672466e-06,1.7870352245179906e-06,1.4614889607369357e-05,2.487781450890288e-06,4.969909337112553e-07,8.16060053430081e-06,0.0005582259532223087,
-> Grid [PetaFLOP/s],,1.7122257530315291e-06,7.066848385252164e-07,1.5410031777349296e-05,9.524935818260412e-06,4.346345989950579e-06,1.0658837676335422e-05,,,1.7122257530315291e-06,7.066848385252164e-07,7.374136379845803e-06,9.524935818260412e-06,4.346345989950579e-06,1.0658837676335422e-05,,,1.7122257530315291e-06,7.066848385252164e-07,7.374136379845803e-06,9.524935818260412e-06,4.346345989950579e-06,1.0658837676335422e-05,,,4.58762219072815e-07,2.16451157397735e-07,,,4.58762219072815e-07,2.16451157397735e-07,,,1.0606468124367326e-06,4.961332858354797e-07,9.545821312042217e-06,6.447092664800648e-06,1.2897028369537058e-06,2.8730572509988676e-06,7.477756065868343e-05,
-> Gridding Kernel Update [PetaFLOP/s],,7.686248039365703e-06,2.208307651413103e-06,6.91762323546491e-05,7.727173579009423e-06,1.816513048573988e-05,4.42780963343052e-05,,,7.686248039365703e-06,2.208307651413103e-06,3.1286812855677846e-05,7.727173579009423e-06,1.816513048573988e-05,4.42780963343052e-05,,,7.686248039365703e-06,2.208307651413103e-06,3.1286812855677846e-05,7.727173579009423e-06,1.816513048573988e-05,4.42780963343052e-05,,,1.999384306133727e-06,6.758993345466816e-07,,,1.999384306133727e-06,6.758993345466816e-07,,,4.63219747737404e-06,1.5501982342659446e-06,4.1689777296962256e-05,5.186089795711365e-06,5.18749911892527e-06,1.1845721224198965e-05,0.0002795536529525973,
-> Correct [PetaFLOP/s],,2.5706748179435335e-07,2.616251153695409e-07,2.31360733614918e-06,5.240301621830876e-07,1.0480603243661751e-06,5.001904659182508e-06,2.7317068645348736e-05,,2.5706748179435335e-07,2.616251153695409e-07,1.5427291018128184e-06,5.240301621830876e-07,1.0480603243661751e-06,5.001904659182508e-06,2.7317068645348736e-05,,2.5706748179435335e-07,2.616251153695409e-07,1.5427291018128184e-06,5.240301621830876e-07,1.0480603243661751e-06,5.001904659182508e-06,2.7317068645348736e-05,,7.896674904435678e-08,8.015911250321587e-08,,,7.896674904435678e-08,8.015911250321587e-08,,,1.8055133366973058e-07,1.8368547595632288e-07,1.624962003027575e-06,3.6805246401127063e-07,3.6805246401127063e-07,7.361049280225413e-07,2.732701785700029e-05,2.732701785700029e-05
-> IFFT [PetaFLOP/s],,1.5063766915502354e-05,3.5684705359384775e-06,0.00013557390223881567,4.585668650589151e-06,6.031430211024724e-06,6.050562649878735e-06,,,1.5063766915502354e-05,3.5684705359384775e-06,4.145179186618502e-05,4.585668650589151e-06,6.031430211024724e-06,6.050562649878735e-06,,,1.5063766915502354e-05,3.5684705359384775e-06,4.145179186618502e-05,4.585668650589151e-06,6.031430211024724e-06,6.050562649878735e-06,,,3.472953905497723e-06,1.804261106222389e-06,,,3.472953905497723e-06,1.804261106222389e-06,,,8.119383115336234e-06,1.7870352245179906e-06,7.30744480368468e-05,2.487781450890288e-06,2.484954668556276e-06,3.264240213720324e-06,1.7035704138864401e-06,
-> Identify Component [PetaFLOP/s],,,,8.393183633314094e-05,1.0258553246754313e-05,0.0010258553246754313,0.003077565974026294,,,,,8.392917448139598e-05,1.0258553246754313e-05,0.0010258553246754313,0.003077565974026294,,,,,8.392917448139598e-05,1.0258553246754313e-05,0.0010258553246754313,0.003077565974026294,,,,,,,,,,,,,4.896024193503604e-05,5.984156743649034e-06,5.984156743649034e-06,0.0004274397674035024,0.056025385193111864,
-> Average [PetaFLOP/s],2.4261963899452402e-08,,,,,,,,2.4261963899452402e-08,,,,,,,,2.4261963899452402e-08,,,,,,,,1.2162403895734823e-08,,,,1.2162403895734823e-08,,,,1.2135400202230742e-08,,,,,,,,
-> Phase Rotation Predict [PetaFLOP/s],,0.0,0.0,0.0,0.0,0.0,0.0,,,0.0,0.0,0.0,0.0,0.0,0.0,,,0.0,0.0,0.0,0.0,0.0,0.0,,,0.0,0.0,,,0.0,0.0,,,0.0,0.0,0.0,0.0,0.0,0.0,0.0,
-> Receive [PetaFLOP/s],1.2357364616213959e-08,,,,,,,,1.2357364616213959e-08,,,,,,,,1.2357364616213959e-08,,,,,,,,6.1946864718831975e-09,,,,6.1946864718831975e-09,,,,6.180932660031966e-09,,,,,,,,
-> Solve [PetaFLOP/s],,2.643978507476472e-08,,1.6987065695698846e-06,,,,,,2.643978507476472e-08,,1.2418898381112996e-06,,,,,,2.643978507476472e-08,,1.2418898381112996e-06,,,,,,1.1154601210181533e-08,,,,1.1154601210181533e-08,,,,1.5387292236238774e-08,,1.1896950062385631e-06,,,,,
-> Degridding Kernel Update [PetaFLOP/s],,7.686248039365703e-06,2.208307651413103e-06,6.91762323546491e-05,7.727173579009423e-06,1.816513048573988e-05,4.42780963343052e-05,,,7.686248039365703e-06,2.208307651413103e-06,3.1286812855677846e-05,7.727173579009423e-06,1.816513048573988e-05,4.42780963343052e-05,,,7.686248039365703e-06,2.208307651413103e-06,3.1286812855677846e-05,7.727173579009423e-06,1.816513048573988e-05,4.42780963343052e-05,,,1.999384306133727e-06,6.758993345466816e-07,,,1.999384306133727e-06,6.758993345466816e-07,,,4.63219747737404e-06,1.5501982342659446e-06,4.1689777296962256e-05,5.186089795711365e-06,5.18749911892527e-06,1.1845721224198965e-05,0.0002795536529525973,
-> Phase Rotation [PetaFLOP/s],,0.0,0.0,0.0,0.0,0.0,0.0,,,0.0,0.0,0.0,0.0,0.0,0.0,,,0.0,0.0,0.0,0.0,0.0,0.0,,,0.0,0.0,,,0.0,0.0,,,0.0,0.0,0.0,0.0,0.0,0.0,0.0,
-> Reprojection [PetaFLOP/s],,2.555377675172841e-07,,2.2998399076555574e-06,9.639627718416068e-07,4.819813859208033e-06,1.4459441577624101e-05,,,2.555377675172841e-07,,1.0221510700691364e-06,9.639627718416068e-07,4.819813859208033e-06,1.4459441577624101e-05,,,2.555377675172841e-07,,1.0221510700691364e-06,9.639627718416068e-07,4.819813859208033e-06,1.4459441577624101e-05,,,1.2909783555193717e-07,,,,1.2909783555193717e-07,,,,1.2795512545710995e-07,,1.1515961291139894e-06,4.826839437682473e-07,1.206709859420618e-08,2.413419718841236e-06,0.00031633174938795847,
-> Source Find [PetaFLOP/s],,,,3e-12,,,,,,,,3e-12,,,,,,,,3e-12,,,,,,,,,,,,,,,,2.5e-12,,,,,
-> Reprojection Predict [PetaFLOP/s],,1.2776888375864205e-06,,1.1499199538277785e-05,9.639627718416068e-07,1.9279255436832136e-06,1.9279255436832136e-06,,,1.2776888375864205e-06,,5.110755350345682e-06,9.639627718416068e-07,1.9279255436832136e-06,1.9279255436832136e-06,,,1.2776888375864205e-06,,5.110755350345682e-06,9.639627718416068e-07,1.9279255436832136e-06,1.9279255436832136e-06,,,6.454891777596859e-07,,,,6.454891777596859e-07,,,,6.397756272855496e-07,,5.757980645569947e-06,4.826839437682473e-07,1.206709859420618e-08,9.653678875364946e-07,9.653678875364946e-07,
-> DFT [Tera/s],,3.2133435224294164e-06,1.3081255768477045e-05,2.8920091701864748e-05,6.550377027288595e-06,1.310075405457719e-05,6.252380823978135e-05,,,3.2133435224294164e-06,1.3081255768477045e-05,1.9284113772660225e-05,6.550377027288595e-06,1.310075405457719e-05,6.252380823978135e-05,,,3.2133435224294164e-06,1.3081255768477045e-05,1.9284113772660225e-05,6.550377027288595e-06,1.310075405457719e-05,6.252380823978135e-05,,,9.870843630544597e-07,4.007955625160794e-06,,,9.870843630544597e-07,4.007955625160794e-06,,,2.2568916708716316e-06,9.184273797816143e-06,2.0312025037844686e-05,4.600655800140883e-06,4.600655800140883e-06,9.201311600281766e-06,0.0003415877232125037,
-> Subtract Visibility [Tera/s],,3.2133435224294164e-06,1.3081255768477045e-05,2.8920091701864748e-05,6.550377027288595e-06,1.310075405457719e-05,6.252380823978135e-05,,,3.2133435224294164e-06,1.3081255768477045e-05,1.9284113772660225e-05,6.550377027288595e-06,1.310075405457719e-05,6.252380823978135e-05,,,3.2133435224294164e-06,1.3081255768477045e-05,1.9284113772660225e-05,6.550377027288595e-06,1.310075405457719e-05,6.252380823978135e-05,,,9.870843630544597e-07,4.007955625160794e-06,,,9.870843630544597e-07,4.007955625160794e-06,,,2.2568916708716316e-06,9.184273797816143e-06,2.0312025037844686e-05,4.600655800140883e-06,4.600655800140883e-06,9.201311600281766e-06,0.0003415877232125037,
-> Flag [Tera/s],3.63929458491786e-05,3.2133435224294164e-06,1.3081255768477045e-05,2.8920091701864748e-05,6.550377027288596e-06,1.3100754054577192e-05,6.252380823978135e-05,0.00034146335806685917,3.63929458491786e-05,3.2133435224294164e-06,1.3081255768477045e-05,1.9284113772660225e-05,6.550377027288596e-06,1.3100754054577192e-05,6.252380823978135e-05,0.00034146335806685917,3.63929458491786e-05,3.2133435224294164e-06,1.3081255768477045e-05,1.9284113772660225e-05,6.550377027288596e-06,1.3100754054577192e-05,6.252380823978135e-05,0.00034146335806685917,1.8243605843602236e-05,9.870843630544597e-07,4.007955625160794e-06,,1.8243605843602236e-05,9.870843630544597e-07,4.007955625160794e-06,,1.8203100303346112e-05,2.2568916708716316e-06,9.184273797816143e-06,2.0312025037844686e-05,4.600655800140883e-06,4.600655800140883e-06,9.201311600281766e-06,0.0003415877232125037,0.0003415877232125037
-> Degrid [Tera/s],,3.633740844670295e-06,1.3081255768477045e-05,3.270366760203265e-05,3.70367693119424e-05,1.4814707724776962e-05,3.637675984478976e-05,,,3.633740844670295e-06,1.3081255768477045e-05,2.180702790718313e-05,3.70367693119424e-05,1.4814707724776962e-05,3.637675984478976e-05,,,3.633740844670295e-06,1.3081255768477045e-05,2.180702790718313e-05,3.70367693119424e-05,1.4814707724776962e-05,3.637675984478976e-05,,,1.1133394581044084e-06,4.007955625160794e-06,,,1.1133394581044084e-06,4.007955625160794e-06,,,2.5512285215099145e-06,9.184273797816143e-06,2.296105669358923e-05,2.6003295697476645e-05,5.200659139495329e-06,1.0401318278990658e-05,0.0001986656110990118,
-> Image Spectral Fitting [Tera/s],,,,,,,,,,,,,,,,,,,,,,,,,,,,,,,,,,,,,,5.3631549307583026e-08,,,
-> Visibility Weighting [Tera/s],,1.763721689444352e-06,8.81860844722176e-06,1.5873495204999167e-05,9.700469291943935e-06,1.940093858388787e-05,1.940093858388787e-05,,,1.763721689444352e-06,8.81860844722176e-06,1.5873495204999167e-05,9.700469291943935e-06,1.940093858388787e-05,1.940093858388787e-05,,,1.763721689444352e-06,8.81860844722176e-06,1.5873495204999167e-05,9.700469291943935e-06,1.940093858388787e-05,1.940093858388787e-05,,,8.81860844722176e-07,4.40930422361088e-06,,,8.81860844722176e-07,4.40930422361088e-06,,,8.81860844722176e-07,4.40930422361088e-06,7.936747602499584e-06,4.850234645971968e-06,4.850234645971968e-06,9.700469291943935e-06,9.700469291943935e-06,
-> Subtract Image Component [Tera/s],,,,1.916533256379631e-06,3.2132092394720225e-07,3.213209239472023e-05,9.639627718416068e-05,,,,,8.517925583909468e-07,3.2132092394720225e-07,3.213209239472023e-05,9.639627718416068e-05,,,,,8.517925583909468e-07,3.2132092394720225e-07,3.213209239472023e-05,9.639627718416068e-05,,,,,,,,,,,,,1.119607347749712e-06,1.877104225765406e-07,1.877104225765406e-07,1.3407887326895754e-05,0.0017573986077108806,
-> Demix [Tera/s],3.63929458491786e-05,,,,,,,,3.63929458491786e-05,,,,,,,,3.63929458491786e-05,,,,,,,,1.8243605843602236e-05,,,,1.8243605843602236e-05,,,,1.8203100303346112e-05,,,,,,,,
-> FFT [Tera/s],,4.0886042802765456e-05,0.0006057191526335625,0.0003679743852248891,0.00015423404349465707,0.0007711702174732854,0.002313510652419856,,,4.0886042802765456e-05,0.0006057191526335625,0.0001635441712110618,0.00015423404349465707,0.0007711702174732854,0.002313510652419856,,,4.0886042802765456e-05,0.0006057191526335625,0.0001635441712110618,0.00015423404349465707,0.0007711702174732854,0.002313510652419856,,,2.0655653688309945e-05,0.00030600968427125835,,,2.0655653688309945e-05,0.00030600968427125835,,,2.0472820073137588e-05,0.00030330103812055664,0.00018425538065823833,7.722943100291955e-05,1.544588620058391e-05,0.00038614715501459777,0.05061307990207336,
-> Grid [Tera/s],,0.001685813270382057,0.0180223532922051,0.01517231943343851,0.0023595952771527625,0.0009438381108611049,0.002317546382216688,,,0.001685813270382057,0.0180223532922051,0.004497898597828332,0.0023595952771527625,0.0009438381108611049,0.002317546382216688,,,0.001685813270382057,0.0180223532922051,0.004497898597828332,0.0023595952771527625,0.0009438381108611049,0.002317546382216688,,,0.0005218858623950403,0.0055792051334605875,,,0.0005218858623950403,0.0055792051334605875,,,0.0011853245004458492,0.012671807117285315,0.010667920504012642,0.0016590705416513257,0.00033181410833026516,0.0006636282166605303,0.012675326498921963,
-> Gridding Kernel Update [Tera/s],,0.19522898653185924,8.621250408813497e-07,1.7570608788111524,0.05145499810530556,0.2831130734364563,0.5451693705598554,,,0.19522898653185924,8.621250408813497e-07,0.49314252949251436,0.05145499810530556,0.2831130734364563,0.5451693705598554,,,0.19522898653185924,8.621250408813497e-07,0.49314252949251436,0.05145499810530556,0.2831130734364563,0.5451693705598554,,,0.03757533592951934,3.036184360655516e-08,,,0.03757533592951934,3.036184360655516e-08,,,0.08913110299316754,4.953431670135488e-07,0.8021799269724518,0.024219556585894995,0.02428444259015504,0.1323795675591985,1.303255773490955,
-> Correct [Tera/s],,3.2133435224294164e-06,1.3081255768477045e-05,2.8920091701864748e-05,6.550377027288596e-06,1.3100754054577192e-05,6.252380823978135e-05,0.00034146335806685917,,3.2133435224294164e-06,1.3081255768477045e-05,1.9284113772660225e-05,6.550377027288596e-06,1.3100754054577192e-05,6.252380823978135e-05,0.00034146335806685917,,3.2133435224294164e-06,1.3081255768477045e-05,1.9284113772660225e-05,6.550377027288596e-06,1.3100754054577192e-05,6.252380823978135e-05,0.00034146335806685917,,9.870843630544597e-07,4.007955625160794e-06,,,9.870843630544597e-07,4.007955625160794e-06,,,2.2568916708716316e-06,9.184273797816143e-06,2.0312025037844686e-05,4.600655800140883e-06,4.600655800140883e-06,9.201311600281766e-06,0.0003415877232125037,0.0003415877232125037
-> IFFT [Tera/s],,0.00020456229244354183,0.0006074801983630891,0.0018410606319918764,0.0001545030921477792,0.0003090061842955584,0.0003090061842955584,,,0.00020456229244354183,0.0006074801983630891,0.0008185133266335961,0.0001545030921477792,0.0003090061842955584,0.0003090061842955584,,,0.00020456229244354183,0.0006074801983630891,0.0008185133266335961,0.0001545030921477792,0.0003090061842955584,0.0003090061842955584,,,0.0001033446502120406,0.00030689477454447033,,,0.0001033446502120406,0.00030689477454447033,,,0.00010243018769389034,0.0003041822024965891,0.0009218716892450132,7.736405333814675e-05,7.736405333814675e-05,0.0001547281066762935,0.0001547281066762935,
-> Identify Component [Tera/s],,,,8e-10,9.777777777777777e-11,9.777777777777777e-09,2.933333333333333e-08,,,,,8e-10,9.777777777777777e-11,9.777777777777777e-09,2.933333333333333e-08,,,,,8e-10,9.777777777777777e-11,9.777777777777777e-09,2.933333333333333e-08,,,,,,,,,,,,,4.666666666666667e-10,5.703703703703703e-11,5.703703703703703e-11,4.074074074074074e-09,5.33997037037037e-07,
-> Average [Tera/s],3.194208151989613e-05,,,,,,,,3.194208151989613e-05,,,,,,,,3.194208151989613e-05,,,,,,,,1.6012409313832687e-05,,,,1.6012409313832687e-05,,,,1.597685760899872e-05,,,,,,,,
-> Phase Rotation Predict [Tera/s],,0.0,0.0,0.0,0.0,0.0,0.0,,,0.0,0.0,0.0,0.0,0.0,0.0,,,0.0,0.0,0.0,0.0,0.0,0.0,,,0.0,0.0,,,0.0,0.0,,,0.0,0.0,0.0,0.0,0.0,0.0,0.0,
-> Receive [Tera/s],3.63929458491786e-05,,,,,,,,3.63929458491786e-05,,,,,,,,3.63929458491786e-05,,,,,,,,1.8243605843602236e-05,,,,1.8243605843602236e-05,,,,1.8203100303346112e-05,,,,,,,,
-> Solve [Tera/s],,1.6384e-08,,3.4133333333333337e-07,,,,,,1.6384e-08,,3.4133333333333337e-07,,,,,,1.6384e-08,,3.4133333333333337e-07,,,,,,8.192e-09,,,,8.192e-09,,,,8.192e-09,,2.362026666666667e-07,,,,,
-> Degridding Kernel Update [Tera/s],,0.19522898653185924,8.621250408813497e-07,1.7570608788111524,0.05145499810530556,0.2831130734364563,0.5451693705598554,,,0.19522898653185924,8.621250408813497e-07,0.49314252949251436,0.05145499810530556,0.2831130734364563,0.5451693705598554,,,0.19522898653185924,8.621250408813497e-07,0.49314252949251436,0.05145499810530556,0.2831130734364563,0.5451693705598554,,,0.03757533592951934,3.036184360655516e-08,,,0.03757533592951934,3.036184360655516e-08,,,0.08913110299316754,4.953431670135488e-07,0.8021799269724518,0.024219556585894995,0.02428444259015504,0.1323795675591985,1.303255773490955,
-> Phase Rotation [Tera/s],,0.0,0.0,0.0,0.0,0.0,0.0,,,0.0,0.0,0.0,0.0,0.0,0.0,,,0.0,0.0,0.0,0.0,0.0,0.0,,,0.0,0.0,,,0.0,0.0,,,0.0,0.0,0.0,0.0,0.0,0.0,0.0,
-> Reprojection [Tera/s],,4.0886042802765456e-05,,0.0003679743852248891,0.00015423404349465707,0.0007711702174732854,0.002313510652419856,,,4.0886042802765456e-05,,0.0001635441712110618,0.00015423404349465707,0.0007711702174732854,0.002313510652419856,,,4.0886042802765456e-05,,0.0001635441712110618,0.00015423404349465707,0.0007711702174732854,0.002313510652419856,,,2.0655653688309945e-05,,,,2.0655653688309945e-05,,,,2.0472820073137588e-05,,0.00018425538065823833,7.722943100291955e-05,1.9307357750729887e-06,0.00038614715501459777,0.05061307990207336,
-> Source Find [Tera/s],,,,1.44e-08,,,,,,,,1.44e-08,,,,,,,,1.44e-08,,,,,,,,,,,,,,,,1.44e-08,,,,,
-> Reprojection Predict [Tera/s],,0.0002044302140138273,,0.0018398719261244457,0.00015423404349465707,0.00030846808698931414,0.00030846808698931414,,,0.0002044302140138273,,0.0008177208560553091,0.00015423404349465707,0.00030846808698931414,0.00030846808698931414,,,0.0002044302140138273,,0.0008177208560553091,0.00015423404349465707,0.00030846808698931414,0.00030846808698931414,,,0.00010327826844154972,,,,0.00010327826844154972,,,,0.00010236410036568795,,0.0009212769032911916,7.722943100291955e-05,1.9307357750729887e-06,0.0001544588620058391,0.0001544588620058391,
Total visibilities [Mvis/s],,,,,,,,,,,,,,,,,,,,,,,,,,,,,,,,,,,,,,,,,
-> DFT [Mvis/s],,0.03347232835863976,0.2725261618432718,0.03347232835863976,0.01240601709713749,0.01240601709713749,0.05920815174221719,,,0.03347232835863976,0.2725261618432718,0.02231957612576415,0.01240601709713749,0.01240601709713749,0.05920815174221719,,,0.03347232835863976,0.2725261618432718,0.02231957612576415,0.01240601709713749,0.01240601709713749,0.05920815174221719,,,0.020564257563634575,0.1669981510483664,,,0.020564257563634575,0.1669981510483664,,,0.04701857647649234,0.38267807490900596,0.04701857647649233,0.01742672651568516,0.01742672651568516,0.01742672651568516,0.6469464454782266,
-> Subtract Visibility [Mvis/s],,0.03347232835863976,0.2725261618432718,0.03347232835863976,0.01240601709713749,0.01240601709713749,0.05920815174221719,,,0.03347232835863976,0.2725261618432718,0.02231957612576415,0.01240601709713749,0.01240601709713749,0.05920815174221719,,,0.03347232835863976,0.2725261618432718,0.02231957612576415,0.01240601709713749,0.01240601709713749,0.05920815174221719,,,0.020564257563634575,0.1669981510483664,,,0.020564257563634575,0.1669981510483664,,,0.04701857647649234,0.38267807490900596,0.04701857647649233,0.01742672651568516,0.01742672651568516,0.01742672651568516,0.6469464454782266,
-> Flag [Mvis/s],,0.03347232835863976,0.2725261618432718,0.03347232835863976,0.01240601709713749,0.01240601709713749,0.05920815174221719,0.3233554527148288,,0.03347232835863976,0.2725261618432718,0.02231957612576415,0.01240601709713749,0.01240601709713749,0.05920815174221719,0.3233554527148288,,0.03347232835863976,0.2725261618432718,0.02231957612576415,0.01240601709713749,0.01240601709713749,0.05920815174221719,0.3233554527148288,,0.020564257563634575,0.1669981510483664,,,0.020564257563634575,0.1669981510483664,,,0.04701857647649234,0.38267807490900596,0.04701857647649233,0.01742672651568516,0.01742672651568516,0.01742672651568516,0.6469464454782266,0.6469464454782266
-> Degrid [Mvis/s],,5.350705478223529,88.33560481565206,5.350705478246283,0.5411895351284325,1.234757383508687,3.028078885322562,,,5.350705478223529,88.33560481565206,2.5604640207797926,0.5411895351284325,1.234757383508687,3.028078885322562,,,5.350705478223529,88.33560481565206,2.5604640207797926,0.5411895351284325,1.234757383508687,3.028078885322562,,,1.4336319346025468,27.056394674716874,,,1.4336319346025468,27.056394674716874,,,3.314521288864789,62.01666072943496,3.314521288903547,0.3663120832273095,0.3663928514073027,0.8162094463064963,21.243625187125975,
-> Image Spectral Fitting [Mvis/s],,,,,,,,,,,,,,,,,,,,,,,,,,,,,,,,,,,,,,144.80518313047418,,,
-> Visibility Weighting [Mvis/s],,0.03785146713198223,0.2725261618432718,0.03785146713198223,0.014029079284826669,0.014029079284826669,0.03444768924696,,,0.03785146713198223,0.2725261618432718,0.0252396156333138,0.014029079284826669,0.014029079284826669,0.03444768924696,,,0.03785146713198223,0.2725261618432718,0.0252396156333138,0.014029079284826669,0.014029079284826669,0.03444768924696,,,0.02319457204384184,0.1669981510483664,,,0.02319457204384184,0.1669981510483664,,,0.053150594198123215,0.38267807490900596,0.053150594198123215,0.019699466437482306,0.019699466437482306,0.019699466437482306,0.3762606270814618,
-> Subtract Image Component [Mvis/s],,,,9.582666281898154,1.3144946888749183,1.3144946888749183,1.3144946888749183,,,,,4.258962791954734,1.3144946888749183,1.3144946888749183,1.3144946888749183,,,,,4.258962791954734,1.3144946888749183,1.3144946888749183,1.3144946888749183,,,,,,,,,,,,,9.596634409283244,1.3164107557315834,1.3164107557315834,1.3164107557315832,1.3164107557315834,
-> Demix [Mvis/s],0.0,,,,,,,,0.0,,,,,,,,0.0,,,,,,,,0.0,,,,0.0,,,,0.0,,,,,,,,
-> FFT [Mvis/s],,0.003095588196433459,0.0006879084880963243,0.003095588196433459,0.001146514146827207,0.001146514146827207,0.001146514146827207,,,0.003095588196433459,0.0006879084880963243,0.0020637254642889725,0.001146514146827207,0.001146514146827207,0.001146514146827207,,,0.003095588196433459,0.0006879084880963243,0.0020637254642889725,0.001146514146827207,0.001146514146827207,0.001146514146827207,,,0.0031116454917607963,0.0006914767759468436,,,0.0031116454917607963,0.0006914767759468436,,,0.0030978435094890194,0.0006884096687753374,0.0030978435094890194,0.001147349447958896,0.0011473494479588959,0.001147349447958896,0.001147349447958896,
-> Grid [Mvis/s],,5.350705478223529,88.33560481565206,5.350705478246283,0.5411895351284325,1.234757383508687,3.028078885322562,,,5.350705478223529,88.33560481565206,2.5604640207797926,0.5411895351284325,1.234757383508687,3.028078885322562,,,5.350705478223529,88.33560481565206,2.5604640207797926,0.5411895351284325,1.234757383508687,3.028078885322562,,,1.4336319346025468,27.056394674716874,,,1.4336319346025468,27.056394674716874,,,3.314521288864789,62.01666072943496,3.314521288903547,0.3663120832273095,0.3663928514073027,0.8162094463064963,21.243625187125975,
-> Gridding Kernel Update [Mvis/s],,0.004057954542051548,0.018609573991908056,0.004057954542068805,0.0022147722065142066,0.002526569858870475,0.0025233990711021354,,,0.004057954542051548,0.018609573991908056,0.002912157029821075,0.0022147722065142066,0.002526569858870475,0.0025233990711021354,,,0.004057954542051548,0.018609573991908056,0.002912157029821075,0.0022147722065142066,0.002526569858870475,0.0025233990711021354,,,0.0035486253194899555,0.01860360469156359,,,0.0035486253194899555,0.01860360469156359,,,0.0035803174321263212,0.018608597295517948,0.003580317432168187,0.002135185547701164,0.0021356563349302286,0.0023787894167954012,0.003241519956531673,
-> Correct [Mvis/s],,0.03347232835863976,0.2725261618432718,0.03347232835863976,0.01240601709713749,0.01240601709713749,0.05920815174221719,0.3233554527148288,,0.03347232835863976,0.2725261618432718,0.02231957612576415,0.01240601709713749,0.01240601709713749,0.05920815174221719,0.3233554527148288,,0.03347232835863976,0.2725261618432718,0.02231957612576415,0.01240601709713749,0.01240601709713749,0.05920815174221719,0.3233554527148288,,0.020564257563634575,0.1669981510483664,,,0.020564257563634575,0.1669981510483664,,,0.04701857647649234,0.38267807490900596,0.04701857647649233,0.01742672651568516,0.01742672651568516,0.01742672651568516,0.6469464454782266,0.6469464454782266
-> IFFT [Mvis/s],,0.015477940982167296,0.0006879084880963243,0.015477940982167296,0.001146514146827207,0.0004586056587308828,0.00015286855291029422,,,0.015477940982167296,0.0006879084880963243,0.010318627321444862,0.001146514146827207,0.0004586056587308828,0.00015286855291029422,,,0.015477940982167296,0.0006879084880963243,0.010318627321444862,0.001146514146827207,0.0004586056587308828,0.00015286855291029422,,,0.01555822745880398,0.0006914767759468436,,,0.01555822745880398,0.0006914767759468436,,,0.015489217547445098,0.0006884096687753374,0.015489217547445098,0.001147349447958896,0.00573674723979448,0.00045893977918355834,3.5014326414761233e-06,
-> Identify Component [Mvis/s],,,,9.582666281898154,1.3144946888749183,1.3144946888749183,1.3144946888749183,,,,,4.258962791954734,1.3144946888749183,1.3144946888749183,1.3144946888749183,,,,,4.258962791954734,1.3144946888749183,1.3144946888749183,1.3144946888749183,,,,,,,,,,,,,9.596634409283244,1.3164107557315834,1.3164107557315834,1.3164107557315832,1.3164107557315834,
-> Average [Mvis/s],0.0,,,,,,,,0.0,,,,,,,,0.0,,,,,,,,0.0,,,,0.0,,,,0.0,,,,,,,,
-> Phase Rotation Predict [Mvis/s],,0.03347232835863976,0.2725261618432718,0.03347232835863976,0.01240601709713749,0.01240601709713749,0.05920815174221719,,,0.03347232835863976,0.2725261618432718,0.02231957612576415,0.01240601709713749,0.01240601709713749,0.05920815174221719,,,0.03347232835863976,0.2725261618432718,0.02231957612576415,0.01240601709713749,0.01240601709713749,0.05920815174221719,,,0.020564257563634575,0.1669981510483664,,,0.020564257563634575,0.1669981510483664,,,0.04701857647649234,0.38267807490900596,0.04701857647649233,0.01742672651568516,0.01742672651568516,0.01742672651568516,0.6469464454782266,
-> Receive [Mvis/s],0.0,,,,,,,,0.0,,,,,,,,0.0,,,,,,,,0.0,,,,0.0,,,,0.0,,,,,,,,
-> Solve [Mvis/s],,0.03347232835863976,,0.03347232835863976,,,,,,0.03347232835863976,,0.02231957612576415,,,,,,0.03347232835863976,,0.02231957612576415,,,,,,0.020564257563634575,,,,0.020564257563634575,,,,0.04701857647649233,,0.04701857647649233,,,,,
-> Degridding Kernel Update [Mvis/s],,0.004057954542051548,0.018609573991908056,0.004057954542068805,0.0022147722065142066,0.002526569858870475,0.0025233990711021354,,,0.004057954542051548,0.018609573991908056,0.002912157029821075,0.0022147722065142066,0.002526569858870475,0.0025233990711021354,,,0.004057954542051548,0.018609573991908056,0.002912157029821075,0.0022147722065142066,0.002526569858870475,0.0025233990711021354,,,0.0035486253194899555,0.01860360469156359,,,0.0035486253194899555,0.01860360469156359,,,0.0035803174321263212,0.018608597295517948,0.003580317432168187,0.002135185547701164,0.0021356563349302286,0.0023787894167954012,0.003241519956531673,
-> Phase Rotation [Mvis/s],,0.03347232835863976,0.2725261618432718,0.03347232835863976,0.002481203419427498,0.01240601709713749,0.05920815174221719,,,0.03347232835863976,0.2725261618432718,0.02231957612576415,0.002481203419427498,0.01240601709713749,0.05920815174221719,,,0.03347232835863976,0.2725261618432718,0.02231957612576415,0.002481203419427498,0.01240601709713749,0.05920815174221719,,,0.020564257563634575,0.1669981510483664,,,0.020564257563634575,0.1669981510483664,,,0.04701857647649234,0.38267807490900596,0.04701857647649233,0.0034853453031370323,0.01742672651568516,0.01742672651568516,0.6469464454782266,
-> Reprojection [Mvis/s],,9.582666281898154,,9.582666281898154,1.3144946888749183,1.3144946888749183,1.3144946888749183,,,9.582666281898154,,4.258962791954734,1.3144946888749183,1.3144946888749183,1.3144946888749183,,,9.582666281898154,,4.258962791954734,1.3144946888749183,1.3144946888749183,1.3144946888749183,,,9.682337666395286,,,,9.682337666395286,,,,9.596634409283247,,9.596634409283245,1.3164107557315834,0.16455134446644792,1.3164107557315832,1.3164107557315834,
-> Source Find [Mvis/s],,,,9e-06,,,,,,,,9e-06,,,,,,,,9e-06,,,,,,,,,,,,,,,,9e-06,,,,,
-> Reprojection Predict [Mvis/s],,47.91333140949077,,47.91333140949077,1.3144946888749183,0.5257978755499673,0.17526595851665575,,,47.91333140949077,,21.29481395977367,1.3144946888749183,0.5257978755499673,0.17526595851665575,,,47.91333140949077,,21.29481395977367,1.3144946888749183,0.5257978755499673,0.17526595851665575,,,48.411688331976436,,,,48.411688331976436,,,,47.98317204641623,,47.98317204641622,1.3164107557315834,0.16455134446644792,0.5265643022926333,0.0040173668082628886,
